,season,draft_year,draft_team,draft_round,draft_ovr,pfr_id,cfb_id,player_name,pos,school,wt,forty,bench,vertical,broad_jump,cone,shuttle
4569,2014,2014.0,Green Bay Packers,5.0,176.0,AbbrJa00,jared-abbrederis-1,Jared Abbrederis,WR,Wisconsin,195.0,4.5,4.0,30.5,117.0,6.8,4.08
4570,2014,2014.0,Green Bay Packers,2.0,53.0,AdamDa01,davante-adams-1,Davante Adams,WR,Fresno State,212.0,4.56,14.0,39.5,123.0,6.82,4.3
4573,2014,2014.0,New York Jets,2.0,49.0,AmarJa00,jace-amaro-1,Jace Amaro,TE,Texas Tech,265.0,4.74,28.0,33.0,118.0,7.42,4.3
4575,2014,2014.0,Pittsburgh Steelers,3.0,97.0,ArchDr00,dri-archer-1,Dri Archer,WR,Kent State,173.0,4.26,20.0,38.0,122.0,6.86,4.06
4583,2014,2014.0,Carolina Panthers,1.0,28.0,BenjKe00,kelvin-benjamin-1,Kelvin Benjamin,WR,Florida State,240.0,4.61,13.0,32.5,119.0,7.33,4.39
4588,2014,2014.0,Pittsburgh Steelers,7.0,230.0,BlanRo01,rob-blanchflower-1,Rob Blanchflower,TE,Massachusetts,256.0,4.82,,,,,
4589,2014,2014.0,Houston Texans,6.0,181.0,BlueAl00,alfred-blue-1,Alfred Blue,RB,LSU,223.0,4.63,13.0,32.0,121.0,7.15,4.5
4593,2014,2014.0,Jacksonville Jaguars,1.0,3.0,BortBl00,blake-bortles-1,Blake Bortles,QB,Central Florida,232.0,4.93,,32.5,115.0,7.08,4.21
4597,2014,2014.0,New York Jets,6.0,213.0,BoydTa00,tajh-boyd-1,Tajh Boyd,QB,Clemson,222.0,4.84,,30.5,106.0,7.33,4.23
4600,2014,2014.0,Minnesota Vikings,1.0,32.0,BridTe00,teddy-bridgewater-1,Teddy Bridgewater,QB,Louisville,214.0,,,30.0,113.0,7.17,4.2
4605,2014,2014.0,Arizona Cardinals,3.0,91.0,BrowJo02,,John Brown,WR,Pittsburg State,179.0,4.34,,36.5,119.0,6.91,4.12
4608,2014,2014.0,Pittsburgh Steelers,4.0,118.0,BryaMa00,martavis-bryant-1,Martavis Bryant,WR,Clemson,211.0,4.42,16.0,39.0,124.0,7.18,4.15
4613,2014,2014.0,Baltimore Ravens,7.0,218.0,CampMi02,michael-campanaro-1,Michael Campanaro,WR,Wake Forest,192.0,4.46,20.0,39.0,122.0,6.77,4.01
4614,2014,2014.0,Chicago Bears,4.0,117.0,CareKa00,kadeem-carey-1,Ka'Deem Carey,RB,Arizona,207.0,4.69,19.0,32.5,115.0,7.08,4.38
4615,2014,2014.0,Oakland Raiders,2.0,36.0,CarrDe02,derek-carr-1,Derek Carr,QB,Fresno State,214.0,4.69,,34.5,110.0,,4.2
4627,2014,2014.0,New Orleans Saints,1.0,20.0,CookBr00,brandin-cooks-1,Brandin Cooks,WR,Oregon State,189.0,4.33,16.0,36.0,120.0,6.76,3.81
4646,2014,2014.0,Detroit Lions,1.0,10.0,EbroEr00,eric-ebron-1,Eric Ebron,TE,North Carolina,250.0,4.6,24.0,32.0,120.0,,
4649,2014,2014.0,San Francisco 49ers,4.0,106.0,ElliBr00,bruce-ellington-1,Bruce Ellington,WR,South Carolina,197.0,4.45,15.0,39.5,120.0,6.69,3.95
4652,2014,2014.0,New York Jets,6.0,209.0,EnunQu00,quincy-enunwa-1,Quincy Enunwa,WR,Nebraska,225.0,4.41,19.0,,,,
4653,2014,2014.0,Tampa Bay Buccaneers,1.0,7.0,EvanMi00,mike-evans-4,Mike Evans,WR,Texas A&M,231.0,4.53,12.0,37.0,,7.08,4.26
4654,2014,2014.0,New York Jets,4.0,115.0,EvanSh00,shaquelle-evans-1,Shaquelle Evans,WR,UCLA,213.0,4.51,13.0,34.5,122.0,7.07,4.21
4656,2014,2014.0,Chicago Bears,6.0,183.0,FaleDa00,david-fales-1,David Fales,QB,San Jose State,212.0,4.99,,28.0,103.0,7.55,4.5
4660,2014,2014.0,Houston Texans,3.0,65.0,FiedC.00,cj-fiedorowicz-1,C.J. Fiedorowicz,TE,Iowa,265.0,4.76,25.0,31.5,116.0,7.1,4.26
4668,2014,2014.0,Atlanta Falcons,4.0,103.0,FreeDe00,devonta-freeman-1,Devonta Freeman,RB,Florida State,206.0,4.58,,31.5,118.0,7.11,4.26
4671,2014,2014.0,Carolina Panthers,6.0,204.0,GaffTy00,tyler-gaffney-1,Tyler Gaffney,RB,Stanford,220.0,4.49,,36.5,116.0,6.78,4.18
4674,2014,2014.0,New England Patriots,7.0,244.0,GallJe00,jeremy-gallon-1,Jeremy Gallon,WR,Michigan,185.0,4.49,15.0,,,,
4675,2014,2014.0,New England Patriots,2.0,62.0,GaroJi00,,Jimmy Garoppolo,QB,East. Illinois,226.0,4.97,,30.5,110.0,7.04,4.26
4679,2014,2014.0,Baltimore Ravens,3.0,99.0,GillCr00,crockett-gillmore-1,Crockett Gillmore,TE,Colorado State,260.0,4.89,,33.5,120.0,7.42,4.44
4681,2014,2014.0,Washington Redskins,5.0,142.0,GranRy01,ryan-grant-2,Ryan Grant,WR,Tulane,199.0,4.64,8.0,35.5,119.0,6.68,4.11
4682,2014,2014.0,San Diego Chargers,6.0,201.0,GricMa00,marion-grice-1,Marion Grice,RB,Arizona State,208.0,4.67,,,,,
4691,2014,2014.0,Miami Dolphins,6.0,190.0,HazeMa01,,Matt Hazel,WR,Coastal Carolina,198.0,4.5,15.0,36.5,118.0,7.08,4.2
4694,2014,2014.0,Tampa Bay Buccaneers,6.0,185.0,HerrRo00,robert-herron-1,Robert Herron,WR,Wyoming,193.0,4.48,18.0,35.5,125.0,6.84,4.27
4696,2014,2014.0,Cincinnati Bengals,2.0,55.0,HillJe01,jeremy-hill-2,Jeremy Hill,RB,LSU,233.0,4.56,20.0,29.0,113.0,,
4702,2014,2014.0,Philadelphia Eagles,3.0,86.0,HuffJo00,josh-huff-1,Josh Huff,WR,Oregon,206.0,4.51,14.0,35.5,116.0,,
4706,2014,2014.0,San Francisco 49ers,2.0,57.0,HydeCa00,carlos-hyde-1,Carlos Hyde,RB,Ohio State,230.0,4.62,19.0,34.5,114.0,,
4716,2014,2014.0,Green Bay Packers,7.0,236.0,JaniJe00,,Jeff Janis,WR,Saginaw Valley State,219.0,4.42,20.0,37.5,123.0,6.64,3.98
4723,2014,2014.0,Jacksonville Jaguars,7.0,222.0,JohnSt03,storm-johnson-1,Storm Johnson,RB,Central Florida,209.0,4.6,16.0,35.5,118.0,,
4728,2014,2014.0,Detroit Lions,6.0,189.0,JoneT.00,tj-jones-2,T.J. Jones,WR,Notre Dame,188.0,4.46,,33.0,119.0,6.82,4.27
4732,2014,2014.0,New York Giants,1.0,12.0,BeckOd00,odell-beckham-jr-1,"Odell Beckham, Jr.",WR,LSU,198.0,4.38,7.0,38.5,122.0,6.69,3.94
4739,2014,2014.0,Miami Dolphins,2.0,63.0,LandJa00,jarvis-landry-1,Jarvis Landry,WR,LSU,205.0,4.65,12.0,28.5,110.0,,
4741,2014,2014.0,Denver Broncos,2.0,56.0,LatiCo00,cody-latimer-1,Cody Latimer,WR,Indiana,215.0,4.52,23.0,,,,
4744,2014,2014.0,Jacksonville Jaguars,2.0,39.0,LeexMa00,marqise-lee-1,Marqise Lee,WR,USC,192.0,4.52,,38.0,127.0,,4.01
4759,2014,2014.0,Miami Dolphins,5.0,155.0,LyncAr00,arthur-lynch-1,Arthur Lynch,TE,Georgia,258.0,4.82,28.0,29.5,116.0,7.38,4.35
4764,2014,2014.0,Cleveland Browns,1.0,22.0,ManzJo00,johnny-manziel-1,Johnny Manziel,QB,Texas A&M,207.0,4.68,,31.5,113.0,6.75,4.03
4769,2014,2014.0,St. Louis Rams,3.0,75.0,MasoTr00,tre-mason-1,Tre Mason,RB,Auburn,207.0,4.5,,38.5,126.0,,4.15
4772,2014,2014.0,Philadelphia Eagles,2.0,42.0,MattJo00,jordan-matthews-1,Jordan Matthews,WR,Vanderbilt,212.0,4.46,21.0,35.5,120.0,6.95,4.18
4774,2014,2014.0,Cincinnati Bengals,5.0,164.0,McCaA.00,aj-mccarron-1,A.J. McCarron,QB,Alabama,220.0,4.94,,28.0,99.0,7.18,4.34
4778,2014,2014.0,Minnesota Vikings,3.0,96.0,McKiJe00,,Jerick McKinnon,RB,Georgia Southern,209.0,4.41,32.0,40.5,132.0,6.83,4.12
4779,2014,2014.0,Tennessee Titans,6.0,178.0,MettZa00,zach-mettenberger-1,Zach Mettenberger,QB,LSU,224.0,,,,,,
4784,2014,2014.0,Indianapolis Colts,3.0,90.0,MoncDo00,donte-moncrief-1,Donte Moncrief,WR,Mississippi,221.0,4.4,13.0,39.5,132.0,7.02,4.3
4793,2014,2014.0,Kansas City Chiefs,5.0,163.0,MurrAa00,aaron-murray-1,Aaron Murray,QB,Georgia,207.0,4.84,,,,,
4796,2014,2014.0,Arizona Cardinals,2.0,52.0,NiklTr00,troy-niklas-1,Troy Niklas,TE,Notre Dame,270.0,4.84,27.0,32.0,114.0,7.57,4.55
4797,2014,2014.0,Seattle Seahawks,4.0,123.0,NorwKe00,kevin-norwood-1,Kevin Norwood,WR,Alabama,198.0,4.48,8.0,33.0,121.0,6.68,4.32
4815,2014,2014.0,San Diego Chargers,7.0,240.0,ReesTe00,tevin-reese-1,Tevin Reese,WR,Baylor,163.0,4.46,,41.0,132.0,6.63,4.18
4823,2014,2014.0,Seattle Seahawks,2.0,45.0,RichPa01,paul-richardson-1,Paul Richardson,WR,Colorado,175.0,4.4,,38.0,124.0,7.09,
4826,2014,2014.0,Jacksonville Jaguars,2.0,61.0,RobiAl02,allen-robinson-1,Allen Robinson,WR,Penn State,220.0,4.6,,39.0,127.0,7.0,4.0
4829,2014,2014.0,Green Bay Packers,3.0,98.0,RodgRi00,richard-rodgers-1,Richard Rodgers,TE,California,257.0,4.87,16.0,31.5,116.0,7.23,4.47
4831,2014,2014.0,Tennessee Titans,2.0,54.0,SankBi00,bishop-sankey-1,Bishop Sankey,RB,Washington,209.0,4.49,26.0,35.5,126.0,6.75,4.0
4833,2014,2014.0,New York Jets,4.0,104.0,SaunJa00,jalen-saunders-1,Jalen Saunders,WR,Oklahoma,165.0,4.44,,34.0,122.0,,
4834,2014,2014.0,Houston Texans,4.0,135.0,SavaTo00,tom-savage-1,Tom Savage,QB,Pittsburgh,228.0,4.97,,27.0,105.0,7.33,4.36
4836,2014,2014.0,Washington Redskins,6.0,186.0,SeasLa00,lache-seastrunk-1,Lache Seastrunk,RB,Baylor,201.0,4.51,15.0,41.5,134.0,,
4837,2014,2014.0,Tampa Bay Buccaneers,2.0,38.0,SefeAu00,austin-seferian-jenkins-1,Austin Seferian-Jenkins,TE,Washington,262.0,4.75,20.0,,,,
4841,2014,2014.0,Tampa Bay Buccaneers,3.0,69.0,SimsCh00,charles-sims-2,Charles Sims,RB,West Virginia,214.0,4.48,17.0,37.5,126.0,7.16,4.3
4858,2014,2014.0,Dallas Cowboys,5.0,146.0,StreDe00,devin-street-1,Devin Street,WR,Pittsburgh,198.0,4.55,,37.0,124.0,6.89,4.01
4863,2014,2014.0,Baltimore Ravens,4.0,138.0,TaliLo00,,Lorenzo Taliaferro,RB,Coastal Carolina,229.0,4.58,18.0,33.0,118.0,6.88,4.22
4865,2014,2014.0,Kansas City Chiefs,4.0,124.0,ThomDe05,deanthony-thomas-1,De'Anthony Thomas,RB,Oregon,174.0,4.39,8.0,32.0,124.0,,
4867,2014,2014.0,Arizona Cardinals,4.0,120.0,ThomLo00,logan-thomas-1,Logan Thomas,QB,Virginia Tech,248.0,4.61,,35.5,118.0,7.05,4.18
4886,2014,2014.0,Buffalo Bills,1.0,4.0,WatkSa00,sammy-watkins-1,Sammy Watkins,WR,Clemson,211.0,4.43,16.0,34.0,126.0,6.95,4.34
4888,2014,2014.0,Detroit Lions,4.0,136.0,WebsLa00,,Larry Webster,TE,Bloomsburg,252.0,4.58,17.0,36.5,123.0,7.29,4.44
4889,2014,2014.0,Baltimore Ravens,6.0,194.0,WennKe00,keith-wenning-1,Keith Wenning,QB,Ball State,218.0,5.0,,28.0,100.0,7.07,4.25
4890,2014,2014.0,Cleveland Browns,3.0,94.0,WestTe00,,Terrance West,RB,Towson,225.0,4.56,16.0,33.5,120.0,,
4894,2014,2014.0,New England Patriots,4.0,130.0,WhitJa02,james-white-2,James White,RB,Wisconsin,204.0,4.57,23.0,32.0,114.0,7.05,4.2
4895,2014,2014.0,New York Giants,4.0,113.0,WillAn00,andre-williams-2,Andre Williams,RB,Boston Col.,230.0,4.56,,38.0,129.0,7.27,4.06
4902,2015,2015.0,Detroit Lions,2.0,54.0,AbduAm00,ameer-abdullah-1,Ameer Abdullah,RB,Nebraska,205.0,4.6,24.0,42.5,130.0,6.79,3.95
4903,2015,2015.0,Philadelphia Eagles,1.0,20.0,AghoNe00,nelson-agholor-1,Nelson Agholor,WR,USC,198.0,4.42,12.0,,,,
4904,2015,2015.0,Miami Dolphins,5.0,149.0,AjayJa00,jay-ajayi-1,Jay Ajayi,RB,Boise State,221.0,4.57,19.0,39.0,121.0,7.1,4.1
4906,2015,2015.0,Cincinnati Bengals,7.0,238.0,AlfoMa00,mario-alford-1,Mario Alford,WR,West Virginia,180.0,4.43,13.0,34.0,121.0,6.64,4.07
4907,2015,2015.0,Baltimore Ravens,4.0,125.0,AlleJa01,javorius-allen-1,Javorius Allen,RB,USC,221.0,4.53,11.0,35.5,121.0,6.96,4.28
4911,2015,2015.0,San Francisco 49ers,7.0,254.0,AndeRo01,rory-anderson-1,Rory Anderson,TE,South Carolina,244.0,4.73,,,,,
4914,2015,2015.0,Carolina Panthers,5.0,174.0,ArtiCa00,cameron-artis-payne-1,Cameron Artis-Payne,RB,Auburn,212.0,4.53,,36.5,118.0,7.13,
4919,2015,2015.0,San Francisco 49ers,4.0,117.0,BellBl00,blake-bell-1,Blake Bell,TE,Oklahoma,252.0,4.8,14.0,33.0,116.0,6.85,4.32
4920,2015,2015.0,Tampa Bay Buccaneers,5.0,162.0,BellKe02,kenny-bell-2,Kenny Bell,WR,Nebraska,197.0,4.42,7.0,41.5,129.0,6.66,4.15
4929,2015,2015.0,Baltimore Ravens,5.0,171.0,BoylNi00,,Nick Boyle,TE,Pittsburgh,268.0,5.04,20.0,30.5,112.0,7.13,4.23
4932,2015,2015.0,Kansas City Chiefs,7.0,233.0,BrowDa03,daron-brown-1,Da'Ron Brown,WR,Northern Illinois,205.0,4.54,17.0,37.0,120.0,7.04,4.11
4947,2015,2015.0,Arizona Cardinals,7.0,256.0,ChriGe00,gerald-christian-1,Gerald Christian,TE,Louisville,244.0,4.87,28.0,,,7.62,4.7
4950,2015,2015.0,Tampa Bay Buccaneers,6.0,184.0,ClayKa00,kaelin-clay-1,Kaelin Clay,WR,Utah,195.0,4.51,10.0,33.0,113.0,6.97,4.26
4953,2015,2015.0,Pittsburgh Steelers,3.0,87.0,CoatSa00,sammie-coates-1,Sammie Coates,WR,Auburn,212.0,4.43,23.0,41.0,131.0,6.98,4.06
4954,2015,2015.0,Tennessee Titans,5.0,138.0,CobbDa00,david-cobb-1,David Cobb,RB,Minnesota,229.0,4.81,17.0,38.5,121.0,,
4957,2015,2015.0,Atlanta Falcons,3.0,73.0,ColeTe01,tevin-coleman-1,Tevin Coleman,RB,Indiana,206.0,4.4,22.0,,,,
4961,2015,2015.0,Kansas City Chiefs,3.0,76.0,ConlCh00,chris-conley-1,Chris Conley,WR,Georgia,213.0,4.35,18.0,45.0,139.0,7.06,4.3
4962,2015,2015.0,Oakland Raiders,1.0,4.0,CoopAm00,amari-cooper-1,Amari Cooper,WR,Alabama,211.0,4.42,,33.0,120.0,6.71,3.98
4969,2015,2015.0,Washington Redskins,4.0,105.0,CrowJa00,jamison-crowder-1,Jamison Crowder,WR,Duke,185.0,4.56,10.0,37.0,115.0,7.17,4.32
4976,2015,2015.0,New York Giants,6.0,186.0,DaviGe00,geremy-davis-1,Geremy Davis,WR,Connecticut,216.0,4.49,23.0,36.5,124.0,6.86,4.18
4977,2015,2015.0,San Francisco 49ers,4.0,126.0,DaviMi01,mike-davis-9,Mike Davis,RB,South Carolina,217.0,4.61,17.0,34.0,116.0,7.0,4.18
4986,2015,2015.0,Minnesota Vikings,5.0,146.0,DiggSt00,stefon-diggs-1,Stefon Diggs,WR,Maryland,195.0,4.46,,35.0,115.0,7.03,4.32
4989,2015,2015.0,Indianapolis Colts,1.0,29.0,DorsPh00,phillip-dorsett-1,Phillip Dorsett,WR,Miami (FL),185.0,4.33,13.0,37.0,122.0,6.7,4.11
5012,2015,2015.0,Carolina Panthers,2.0,41.0,FuncDe00,devin-funchess-1,Devin Funchess,WR,Michigan,232.0,4.7,17.0,38.5,122.0,,
5024,2015,2015.0,San Diego Chargers,1.0,15.0,GordMe00,melvin-gordon-1,Melvin Gordon,RB,Wisconsin,215.0,4.52,19.0,35.0,126.0,7.04,4.07
5027,2015,2015.0,New Orleans Saints,3.0,75.0,GrayGa00,garrett-grayson-1,Garrett Grayson,QB,Colorado State,213.0,4.75,,,,,
5029,2015,2015.0,Tennessee Titans,2.0,40.0,GreeDo00,dorial-green-beckham-1,Dorial Green-Beckham,WR,Oklahoma,237.0,4.49,13.0,33.5,119.0,6.89,4.45
5030,2015,2015.0,Jacksonville Jaguars,5.0,139.0,GreeRa00,rashad-greene-1,Rashad Greene,WR,Florida State,182.0,4.53,,36.5,122.0,6.88,4.12
5034,2015,2015.0,St. Louis Rams,1.0,10.0,GurlTo01,todd-gurley-1,Todd Gurley,RB,Georgia,222.0,4.52,17.0,,,,
5042,2015,2015.0,Atlanta Falcons,4.0,107.0,HardJu00,justin-hardy-1,Justin Hardy,WR,East Carolina,192.0,4.56,11.0,36.5,114.0,6.63,4.21
5053,2015,2015.0,Denver Broncos,3.0,92.0,HeueJe00,jeff-heuerman-1,Jeff Heuerman,TE,Ohio State,254.0,4.81,26.0,,,,
5057,2015,2015.0,Houston Texans,7.0,235.0,HillKe01,kenny-hilliard-1,Kenny Hilliard,RB,LSU,226.0,4.83,,27.0,111.0,7.17,4.4
5062,2015,2015.0,Green Bay Packers,5.0,147.0,HundBr00,brett-hundley-1,Brett Hundley,QB,UCLA,226.0,4.63,,36.0,120.0,6.93,3.98
5067,2015,2015.0,Pittsburgh Steelers,5.0,160.0,JameJe00,jesse-james-1,Jesse James,TE,Penn State,261.0,4.83,26.0,37.5,121.0,7.53,4.5
5072,2015,2015.0,Arizona Cardinals,3.0,86.0,JohnDa08,,David Johnson,RB,New Mexico,224.0,4.5,25.0,41.5,127.0,6.82,4.27
5073,2015,2015.0,Cleveland Browns,3.0,77.0,JohnDu00,duke-johnson-1,Duke Johnson,RB,Miami (FL),207.0,4.54,,33.5,121.0,,
5078,2015,2015.0,Washington Redskins,3.0,95.0,JoneMa04,matt-jones-3,Matt Jones,RB,Florida,231.0,4.61,20.0,31.5,112.0,,4.2
5084,2015,2015.0,Jacksonville Jaguars,7.0,229.0,KoyaBe00,ben-koyack-1,Ben Koyack,TE,Notre Dame,255.0,4.79,,,,,
5085,2015,2015.0,Cincinnati Bengals,3.0,85.0,KrofTy00,tyler-kroft-1,Tyler Kroft,TE,Rutgers,246.0,4.75,17.0,,,,
5087,2015,2015.0,Chicago Bears,4.0,106.0,LangJe00,jeremy-langford-1,Jeremy Langford,RB,Michigan State,208.0,4.42,,34.5,118.0,7.22,4.32
5089,2015,2015.0,Miami Dolphins,5.0,156.0,LippTo00,tony-lippett-1,Tony Lippett,WR,Michigan State,192.0,4.61,10.0,36.0,114.0,6.92,4.13
5090,2015,2015.0,Seattle Seahawks,3.0,69.0,LockTy00,tyler-lockett-1,Tyler Lockett,WR,Kansas State,182.0,4.4,,35.5,121.0,6.89,4.07
5099,2015,2015.0,St. Louis Rams,3.0,89.0,MannSe00,sean-mannion-1,Sean Mannion,QB,Oregon State,229.0,5.14,,31.0,105.0,7.29,4.39
5101,2015,2015.0,Tennessee Titans,1.0,2.0,MariMa01,marcus-mariota-1,Marcus Mariota,QB,Oregon,222.0,4.52,,36.0,121.0,6.87,4.11
5107,2015,2015.0,Cleveland Browns,4.0,123.0,MaylVi00,vince-mayle-1,Vince Mayle,WR,Washington State,224.0,4.67,,35.5,117.0,6.93,4.13
5109,2015,2015.0,Tennessee Titans,7.0,245.0,McBrTr00,,Tre McBride,WR,William & Mary,210.0,4.41,16.0,38.0,122.0,6.96,4.08
5116,2015,2015.0,Green Bay Packers,3.0,94.0,MontTy01,ty-montgomery-1,Ty Montgomery,WR,Stanford,221.0,4.55,,40.5,121.0,6.97,4.21
5118,2015,2015.0,Houston Texans,5.0,175.0,MumpKe00,keith-mumphery-1,Keith Mumphery,WR,Michigan State,215.0,4.54,,32.5,121.0,7.07,4.25
5119,2015,2015.0,New Orleans Saints,7.0,230.0,MurpMa03,marcus-murphy-1,Marcus Murphy,RB,Missouri,198.0,4.61,11.0,29.0,109.0,,4.4
5121,2015,2015.0,Arizona Cardinals,5.0,159.0,NelsJJ00,,J.J. Nelson,WR,Ala-Birmingham,156.0,4.28,,36.0,127.0,7.02,4.15
5125,2015,2015.0,Buffalo Bills,6.0,194.0,OLeaNi00,nick-oleary-1,Nick O'Leary,TE,Florida State,252.0,4.93,21.0,30.5,110.0,7.4,4.5
5131,2015,2015.0,Miami Dolphins,1.0,14.0,ParkDe01,devante-parker-1,DeVante Parker,WR,Louisville,209.0,4.45,17.0,36.5,125.0,,
5134,2015,2015.0,Baltimore Ravens,1.0,26.0,PerrBr02,breshad-perriman-1,Breshad Perriman,WR,Central Florida,212.0,,,,,,
5138,2015,2015.0,New York Jets,4.0,103.0,PettBr01,bryce-petty-1,Bryce Petty,QB,Baylor,230.0,4.87,,34.0,121.0,6.91,4.13
5145,2015,2015.0,Minnesota Vikings,5.0,143.0,PruiMy00,,MyCole Pruitt,TE,Southern Illinois,251.0,4.58,17.0,38.0,118.0,7.25,4.37
5156,2015,2015.0,Indianapolis Colts,6.0,205.0,RobiJo02,josh-robinson-2,Josh Robinson,RB,Mississippi State,217.0,4.7,21.0,32.0,113.0,,
5176,2015,2015.0,San Francisco 49ers,4.0,132.0,SmelDe00,deandre-smelter-1,DeAndre Smelter,WR,Georgia Tech,226.0,4.52,,,,,
5177,2015,2015.0,New York Jets,2.0,37.0,SmitDe04,devin-smith-2,Devin Smith,WR,Ohio State,196.0,4.42,10.0,39.0,122.0,,4.15
5185,2015,2015.0,Houston Texans,3.0,70.0,StroJa01,jaelen-strong-1,Jaelen Strong,WR,Arizona State,217.0,4.44,,42.0,123.0,,
5190,2015,2015.0,Cleveland Browns,6.0,198.0,TelfRa00,randall-telfer-1,Randall Telfer,TE,USC,250.0,4.83,20.0,,,,
5201,2015,2015.0,Oakland Raiders,3.0,68.0,WalfCl00,clive-walford-1,Clive Walford,TE,Miami (FL),251.0,4.79,20.0,35.0,120.0,7.32,4.57
5202,2015,2015.0,Baltimore Ravens,6.0,204.0,WallDa01,darren-waller-1,Darren Waller,WR,Georgia Tech,238.0,4.46,12.0,37.0,125.0,7.07,4.25
5207,2015,2015.0,Chicago Bears,1.0,7.0,WhitKe00,kevin-white-6,Kevin White,WR,West Virginia,215.0,4.35,23.0,36.5,123.0,6.92,4.14
5211,2015,2015.0,Buffalo Bills,5.0,155.0,WillKa01,karlos-williams-1,Karlos Williams,RB,Florida State,230.0,4.48,16.0,33.5,117.0,7.16,4.46
5213,2015,2015.0,Baltimore Ravens,2.0,55.0,WillMa04,maxx-williams-1,Maxx Williams,TE,Minnesota,249.0,4.78,17.0,34.5,117.0,7.3,4.37
5219,2015,2015.0,Tampa Bay Buccaneers,1.0,1.0,WinsJa00,jameis-winston-1,Jameis Winston,QB,Florida State,231.0,4.97,,28.5,103.0,7.16,4.36
5222,2015,2015.0,Jacksonville Jaguars,2.0,36.0,YeldT.00,tj-yeldon-1,T.J. Yeldon,RB,Alabama,226.0,4.61,22.0,36.0,117.0,7.19,4.22
5226,2016,2016.0,New York Giants,6.0,184.0,AdamJe01,jerell-adams-1,Jerell Adams,TE,South Carolina,247.0,4.64,,32.5,117.0,7.05,4.31
5232,2016,2016.0,Jacksonville Jaguars,6.0,201.0,AlleBr00,brandon-allen-2,Brandon Allen,QB,Arkansas,217.0,4.84,,28.0,110.0,7.06,4.33
5237,2016,2016.0,Pittsburgh Steelers,7.0,229.0,AyerDe00,demarcus-ayers-1,Demarcus Ayers,WR,Houston,182.0,4.72,,33.0,123.0,,
5250,2016,2016.0,Denver Broncos,4.0,136.0,BookDe00,devontae-booker-1,Devontae Booker,RB,Utah,219.0,4.56,22.0,,,,
5252,2016,2016.0,Cincinnati Bengals,2.0,55.0,BoydTy00,tyler-boyd-1,Tyler Boyd,WR,Pittsburgh,197.0,4.58,11.0,34.0,119.0,6.9,4.35
5257,2016,2016.0,New England Patriots,3.0,91.0,BrisJa00,jacoby-brissett-2,Jacoby Brissett,QB,North Carolina State,231.0,4.94,,31.0,113.0,7.17,4.53
5265,2016,2016.0,San Francisco 49ers,6.0,213.0,BurbAa00,aaron-burbridge-1,Aaron Burbridge,WR,Michigan State,206.0,4.56,20.0,30.5,115.0,7.22,4.31
5275,2016,2016.0,Miami Dolphins,3.0,86.0,CarrLe00,leonte-carroo-1,Leonte Carroo,WR,Rutgers,211.0,4.5,14.0,35.5,120.0,,
5282,2016,2016.0,Cleveland Browns,1.0,15.0,ColeCo00,corey-coleman-1,Corey Coleman,WR,Baylor,194.0,4.42,17.0,40.5,129.0,,
5284,2016,2016.0,Seattle Seahawks,5.0,171.0,CollAl00,alex-collins-1,Alex Collins,RB,Arkansas,217.0,4.59,18.0,28.5,113.0,,
5287,2016,2016.0,Oakland Raiders,4.0,100.0,CookCo00,connor-cook-1,Connor Cook,QB,Michigan State,217.0,4.79,,33.0,113.0,7.21,4.28
5289,2016,2016.0,Los Angeles Rams,4.0,117.0,CoopPh00,pharoh-cooper-1,Pharoh Cooper,WR,South Carolina,203.0,4.52,15.0,31.0,115.0,,
5291,2016,2016.0,Cincinnati Bengals,6.0,199.0,CoreCo00,cody-core-1,Cody Core,WR,Mississippi,205.0,4.47,14.0,31.5,119.0,,
5300,2016,2016.0,Green Bay Packers,5.0,163.0,DaviTr03,trevor-davis-1,Trevor Davis,WR,California,188.0,4.42,11.0,38.5,124.0,6.6,4.22
5304,2016,2016.0,Baltimore Ravens,4.0,134.0,DixoKe00,kenneth-dixon-1,Kenneth Dixon,RB,Louisiana Tech,215.0,4.56,18.0,37.5,121.0,6.97,4.28
5306,2016,2016.0,Washington Redskins,1.0,22.0,DoctJo00,josh-doctson-1,Josh Doctson,WR,TCU,202.0,4.5,14.0,41.0,131.0,6.84,4.08
5308,2016,2016.0,Miami Dolphins,7.0,223.0,DougBr00,brandon-doughty-1,Brandon Doughty,QB,Western Kentucky,213.0,5.22,,27.0,103.0,7.49,4.52
5309,2016,2016.0,Miami Dolphins,3.0,73.0,DrakKe00,kenyan-drake-1,Kenyan Drake,RB,Alabama,210.0,4.45,10.0,34.5,123.0,7.04,4.21
5311,2016,2016.0,San Francisco 49ers,6.0,207.0,DrisJe00,jeff-driskel-1,Jeff Driskel,QB,Louisiana Tech,234.0,4.56,,32.0,122.0,7.19,4.25
5312,2016,2016.0,Miami Dolphins,7.0,231.0,DuarTh00,thomas-duarte-1,Thomas Duarte,TE,UCLA,231.0,4.72,12.0,33.5,118.0,6.97,4.24
5316,2016,2016.0,Dallas Cowboys,1.0,4.0,ElliEz00,ezekiel-elliott-1,Ezekiel Elliott,RB,Ohio State,225.0,4.47,,32.5,118.0,,
5317,2016,2016.0,Houston Texans,4.0,119.0,ErviTy00,tyler-ervin-1,Tyler Ervin,RB,San Jose State,192.0,4.41,17.0,39.0,130.0,,
5329,2016,2016.0,Houston Texans,1.0,21.0,FullWi01,william-fuller-2,Will Fuller,WR,Notre Dame,186.0,4.32,10.0,33.5,126.0,6.93,4.27
5333,2016,2016.0,Los Angeles Rams,1.0,1.0,GoffJa00,jared-goff-1,Jared Goff,QB,California,215.0,4.82,,27.0,110.0,7.17,4.47
5340,2016,2016.0,New York Jets,2.0,51.0,HackCh01,christian-hackenberg-1,Christian Hackenberg,QB,Penn State,223.0,4.78,,31.0,114.0,7.04,4.33
5348,2016,2016.0,Los Angeles Rams,6.0,177.0,HemiTe00,,Temarrick Hemingway,TE,South Carolina State,244.0,4.71,18.0,30.5,115.0,6.88,4.31
5349,2016,2016.0,Tennessee Titans,2.0,45.0,HenrDe00,derrick-henry-2,Derrick Henry,RB,Alabama,247.0,4.54,22.0,37.0,130.0,7.2,4.38
5350,2016,2016.0,San Diego Chargers,2.0,35.0,HenrHu00,hunter-henry-1,Hunter Henry,TE,Arkansas,250.0,4.79,13.0,,,,
5353,2016,2016.0,Los Angeles Rams,4.0,110.0,HigbTy00,tyler-higbee-1,Tyler Higbee,TE,Western Kentucky,249.0,4.77,,,,,
5354,2016,2016.0,Cleveland Browns,5.0,172.0,HiggRa00,rashard-higgins-1,Rashard Higgins,WR,Colorado State,196.0,4.64,13.0,32.0,116.0,,
5355,2016,2016.0,Kansas City Chiefs,5.0,162.0,HogaKe00,kevin-hogan-2,Kevin Hogan,QB,Stanford,218.0,4.78,,32.5,113.0,6.9,4.31
5357,2016,2016.0,Atlanta Falcons,3.0,81.0,HoopAu00,austin-hooper-1,Austin Hooper,TE,Stanford,254.0,4.72,19.0,33.0,117.0,7.0,4.32
5359,2016,2016.0,Chicago Bears,5.0,150.0,HowaJo00,jordan-howard-1,Jordan Howard,RB,Indiana,230.0,4.57,16.0,34.0,122.0,,
5377,2016,2016.0,Buffalo Bills,4.0,139.0,JoneCa01,cardale-jones-1,Cardale Jones,QB,Ohio State,253.0,4.81,,36.0,,,
5391,2016,2016.0,Cleveland Browns,3.0,93.0,KessCo00,cody-kessler-1,Cody Kessler,QB,USC,220.0,4.89,,29.5,104.0,7.32,4.0
5399,2016,2016.0,New Orleans Saints,7.0,237.0,LascDa00,daniel-lasco-1,Daniel Lasco,RB,California,209.0,4.46,23.0,41.5,135.0,7.22,4.26
5401,2016,2016.0,Seattle Seahawks,7.0,243.0,LawlKe00,kenny-lawler-1,Kenny Lawler,WR,California,203.0,4.64,,31.0,111.0,7.13,4.2
5407,2016,2016.0,Buffalo Bills,6.0,192.0,ListKo00,kolby-listenbee-1,Kolby Listenbee,WR,TCU,197.0,4.39,15.0,35.5,129.0,,
5411,2016,2016.0,Cleveland Browns,4.0,114.0,LouiRi00,ricardo-louis-1,Ricardo Louis,WR,Auburn,215.0,4.43,18.0,38.0,132.0,,
5415,2016,2016.0,Denver Broncos,1.0,26.0,LyncPa00,paxton-lynch-1,Paxton Lynch,QB,Memphis,244.0,4.86,,36.0,118.0,7.14,4.26
5422,2016,2016.0,Washington Redskins,7.0,242.0,MarsKe00,keith-marshall-1,Keith Marshall,RB,Georgia,219.0,4.31,25.0,30.5,,,
5433,2016,2016.0,Houston Texans,3.0,85.0,MillBr03,braxton-miller-1,Braxton Miller,WR,Ohio State,201.0,4.5,17.0,35.0,123.0,6.65,4.07
5436,2016,2016.0,New England Patriots,4.0,112.0,MitcMa01,malcolm-mitchell-2,Malcolm Mitchell,WR,Georgia,198.0,4.45,15.0,36.0,129.0,6.94,4.34
5438,2016,2016.0,Baltimore Ravens,4.0,107.0,MoorCh00,chris-moore-4,Chris Moore,WR,Cincinnati,206.0,4.53,10.0,37.0,130.0,6.76,4.2
5439,2016,2016.0,Minnesota Vikings,6.0,188.0,MorgDa01,david-morgan-1,David Morgan,TE,Texas-San Antonio,262.0,,,,,,
5462,2016,2016.0,Cleveland Browns,5.0,154.0,PaytJo00,jordan-payton-1,Jordan Payton,WR,UCLA,207.0,4.47,,34.5,121.0,7.08,4.33
5463,2016,2016.0,New York Jets,7.0,241.0,PeakCh00,charone-peake-1,Charone Peake,WR,Clemson,209.0,4.45,12.0,35.5,122.0,6.96,4.46
5464,2016,2016.0,New York Giants,5.0,149.0,PerkPa00,paul-perkins-1,Paul Perkins,RB,UCLA,208.0,4.54,19.0,32.0,124.0,,
5469,2016,2016.0,Dallas Cowboys,4.0,135.0,PresDa01,dak-prescott-1,Dak Prescott,QB,Mississippi State,226.0,4.79,,32.5,116.0,7.11,4.32
5470,2016,2016.0,Seattle Seahawks,3.0,90.0,ProsC.00,cj-prosise-1,C.J. Prosise,RB,Notre Dame,220.0,4.48,,35.5,121.0,,
5482,2016,2016.0,Kansas City Chiefs,4.0,126.0,RobiDe01,demarcus-robinson-3,Demarcus Robinson,WR,Florida,203.0,4.59,,34.5,123.0,6.77,4.19
5487,2016,2016.0,Carolina Panthers,7.0,252.0,SandBe00,,Beau Sandland,TE,Montana State,253.0,4.74,23.0,35.0,124.0,7.1,4.33
5493,2016,2016.0,Tennessee Titans,5.0,140.0,SharTa00,tajae-sharpe-1,Tajae Sharpe,WR,Massachusetts,194.0,4.55,11.0,33.5,114.0,,
5495,2016,2016.0,New York Giants,2.0,40.0,ShepSt00,sterling-shepard-1,Sterling Shepard,WR,Oklahoma,194.0,4.48,20.0,41.0,123.0,7.0,4.35
5502,2016,2016.0,Philadelphia Eagles,5.0,153.0,SmalWe00,wendell-smallwood-1,Wendell Smallwood,RB,West Virginia,208.0,4.47,14.0,33.5,120.0,6.83,4.28
5513,2016,2016.0,Washington Redskins,6.0,187.0,SudfNa00,nate-sudfeld-1,Nate Sudfeld,QB,Indiana,234.0,5.02,,29.0,105.0,,
5515,2016,2016.0,San Francisco 49ers,6.0,211.0,TaylKe01,kelvin-taylor-1,Kelvin Taylor,RB,Florida,207.0,4.6,15.0,32.0,113.0,,
5518,2016,2016.0,New Orleans Saints,2.0,47.0,ThomMi05,michael-thomas-3,Michael Thomas,WR,Ohio State,212.0,4.57,18.0,35.0,126.0,6.8,4.13
5524,2016,2016.0,Minnesota Vikings,1.0,23.0,TreaLa00,laquon-treadwell-1,Laquon Treadwell,WR,Mississippi,221.0,4.52,12.0,33.0,117.0,,
5532,2016,2016.0,Seattle Seahawks,3.0,94.0,VannNi00,nick-vannett-1,Nick Vannett,TE,Ohio State,257.0,4.76,17.0,30.5,111.0,7.05,4.2
5537,2016,2016.0,Oakland Raiders,5.0,143.0,WashDe00,deandre-washington-1,Deandre Washington,RB,Texas Tech,204.0,4.49,24.0,34.5,116.0,7.03,4.2
5539,2016,2016.0,Philadelphia Eagles,1.0,2.0,WentCa00,,Carson Wentz,QB,North Dakota State,237.0,4.77,,30.5,118.0,6.86,4.15
5547,2016,2016.0,Buffalo Bills,5.0,156.0,WillJo07,jonathan-williams-2,Jonathan Williams,RB,Arkansas,220.0,4.56,16.0,,,,
5558,2017,2017.0,Minnesota Vikings,5.0,170.0,AdamRo01,rodney-adams-1,Rodney Adams,WR,South Florida,189.0,4.44,8.0,29.5,125.0,6.98,4.28
5572,2017,2017.0,San Francisco 49ers,3.0,104.0,BeatC.00,cj-beathard-1,C.J. Beathard,QB,Iowa,219.0,,,31.0,113.0,,
5587,2017,2017.0,Dallas Cowboys,7.0,239.0,BrowNo00,noah-brown-2,Noah Brown,WR,Ohio State,222.0,,19.0,,,7.07,4.33
5593,2017,2017.0,Denver Broncos,5.0,145.0,ButtJa00,jake-butt-1,Jake Butt,TE,Michigan,246.0,,,,,,
5596,2017,2017.0,Seattle Seahawks,7.0,249.0,CarsCh00,chris-carson-1,Chris Carson,RB,Oklahoma State,218.0,4.58,23.0,37.0,130.0,,
5600,2017,2017.0,Kansas City Chiefs,4.0,139.0,ChesJe00,jehu-chesson-1,Jehu Chesson,WR,Michigan,204.0,4.47,10.0,35.5,132.0,6.7,4.09
5605,2017,2017.0,Chicago Bears,4.0,119.0,CoheTa00,,Tarik Cohen,RB,North Carolina A&T,179.0,4.42,11.0,31.5,118.0,,
5606,2017,2017.0,Minnesota Vikings,7.0,219.0,ColeSt00,stacy-coley-1,Stacy Coley,WR,Miami (FL),195.0,4.45,10.0,34.0,122.0,,
5609,2017,2017.0,Pittsburgh Steelers,3.0,105.0,ConnJa00,james-conner-1,James Conner,RB,Pittsburgh,233.0,4.65,20.0,29.0,113.0,,
5610,2017,2017.0,Minnesota Vikings,2.0,41.0,CookDa01,dalvin-cook-1,Dalvin Cook,RB,Florida State,210.0,4.49,22.0,30.5,116.0,7.27,4.53
5614,2017,2017.0,Seattle Seahawks,3.0,106.0,DarbAm00,amara-darboh-1,Amara Darboh,WR,Michigan,214.0,4.45,17.0,36.0,124.0,,
5616,2017,2017.0,Tennessee Titans,1.0,5.0,DaviCo03,corey-davis-3,Corey Davis,WR,West. Michigan,209.0,,,,,,
5621,2017,2017.0,Washington Redskins,6.0,209.0,DaviRo00,robert-davis-10,Robert Davis,WR,Georgia State,219.0,4.44,19.0,41.0,136.0,6.82,4.28
5623,2017,2017.0,Cleveland Browns,7.0,252.0,DayeMa00,matt-dayes-1,Matthew Dayes,RB,North Carolina State,205.0,4.47,18.0,28.0,109.0,,
5626,2017,2017.0,Pittsburgh Steelers,4.0,135.0,DobbJo00,joshua-dobbs-1,Joshua Dobbs,QB,Tennessee,216.0,4.64,,33.0,122.0,6.75,4.31
5630,2017,2017.0,Green Bay Packers,7.0,247.0,DuprMa01,malachi-dupre-1,Malachi Dupre,WR,LSU,196.0,4.52,11.0,39.5,135.0,7.19,4.26
5638,2017,2017.0,New York Giants,1.0,23.0,EngrEv00,evan-engram-1,Evan Engram,TE,Mississippi,234.0,4.42,19.0,36.0,125.0,6.92,4.23
5642,2017,2017.0,Los Angeles Rams,2.0,44.0,EverGe00,gerald-everett-1,Gerald Everett,TE,South Alabama,239.0,4.62,22.0,37.5,126.0,6.99,4.33
5645,2017,2017.0,Miami Dolphins,7.0,237.0,FordIs00,isaiah-ford-1,Isaiah Ford,WR,Virginia Tech,194.0,4.61,14.0,35.5,127.0,6.94,4.34
5647,2017,2017.0,Houston Texans,3.0,89.0,ForeDO00,donta-foreman-1,D'Onta Foreman,RB,Texas,233.0,,18.0,,,,
5649,2017,2017.0,Jacksonville Jaguars,1.0,4.0,FourLe00,leonard-fournette-1,Leonard Fournette,RB,LSU,240.0,4.51,,28.5,,,
5651,2017,2017.0,New York Giants,4.0,140.0,GallWa00,wayne-gallman-1,Wayne Gallman,RB,Clemson,215.0,4.6,21.0,29.5,120.0,7.17,4.28
5658,2017,2017.0,Philadelphia Eagles,5.0,166.0,GibsSh00,shelton-gibson-1,Shelton Gibson,WR,West Virginia,191.0,4.5,8.0,32.0,118.0,6.83,4.2
5660,2017,2017.0,Tampa Bay Buccaneers,3.0,84.0,GodwCh00,chris-godwin-1,Chris Godwin,WR,Penn State,209.0,4.42,19.0,36.0,126.0,7.01,4.0
5661,2017,2017.0,Detroit Lions,3.0,96.0,GollKe00,kenny-golladay-1,Kenny Golladay,WR,Northern Illinois,218.0,4.5,18.0,35.5,120.0,7.0,4.15
5666,2017,2017.0,New York Jets,4.0,141.0,HansCh00,chad-hansen-1,Chad Hansen,WR,California,202.0,4.53,11.0,35.0,119.0,6.74,4.13
5673,2017,2017.0,Denver Broncos,3.0,82.0,HendCa01,carlos-henderson-1,Carlos Henderson,WR,Louisiana Tech,199.0,4.46,13.0,36.0,131.0,7.18,4.35
5677,2017,2017.0,Atlanta Falcons,5.0,156.0,HillBr02,brian-hill-4,Brian Hill,RB,Wyoming,219.0,4.54,15.0,34.0,125.0,7.03,4.32
5679,2017,2017.0,Minnesota Vikings,6.0,201.0,HodgBu00,bucky-hodges-1,Bucky Hodges,TE,Virginia Tech,257.0,4.57,18.0,39.0,134.0,,4.45
5682,2017,2017.0,Philadelphia Eagles,4.0,118.0,HollMa00,mack-hollins-1,Mack Hollins,WR,North Carolina,221.0,4.53,,,,,
5683,2017,2017.0,Oakland Raiders,7.0,242.0,HoodEl00,elijah-hood-1,Elijah Hood,RB,North Carolina,232.0,,18.0,,,,
5686,2017,2017.0,Tampa Bay Buccaneers,1.0,19.0,HowaO.00,oj-howard-1,O.J. Howard,TE,Alabama,251.0,4.51,22.0,30.0,121.0,6.85,4.16
5689,2017,2017.0,Kansas City Chiefs,3.0,86.0,HuntKa00,kareem-hunt-1,Kareem Hunt,RB,Toledo,216.0,4.62,18.0,36.5,119.0,,
5701,2017,2017.0,Green Bay Packers,5.0,182.0,JoneAa00,aaron-jones-6,Aaron Jones,RB,Texas-El Paso,208.0,4.56,16.0,37.5,127.0,6.82,4.2
5707,2017,2017.0,Buffalo Bills,2.0,37.0,JoneZa00,,Zay Jones,WR,East Carolina,201.0,4.45,15.0,36.5,133.0,6.79,4.01
5713,2017,2017.0,Detroit Lions,6.0,215.0,KaayBr00,brad-kaaya-1,Brad Kaaya,QB,Miami (FL),214.0,,,,,,
5714,2017,2017.0,New Orleans Saints,3.0,67.0,KamaAl00,alvin-kamara-1,Alvin Kamara,RB,Tennessee,214.0,4.56,15.0,39.5,131.0,,
5719,2017,2017.0,San Francisco 49ers,5.0,146.0,KittGe00,george-kittle-1,George Kittle,TE,Iowa,247.0,4.52,18.0,35.0,132.0,,
5720,2017,2017.0,Cleveland Browns,2.0,52.0,KizeDe00,deshone-kizer-1,DeShone Kizer,QB,Notre Dame,233.0,4.83,,30.5,107.0,7.4,4.53
5723,2017,2017.0,Los Angeles Rams,3.0,69.0,KuppCo00,,Cooper Kupp,WR,East. Washington,204.0,4.62,,31.0,116.0,6.75,4.08
5734,2017,2017.0,New York Jets,5.0,150.0,LeggJo00,jordan-leggett-1,Jordan Leggett,TE,Clemson,258.0,,18.0,33.0,114.0,7.12,4.33
5740,2017,2017.0,Arizona Cardinals,5.0,179.0,LogaT.00,tj-logan-1,T.J. Logan,RB,North Carolina,196.0,4.37,17.0,33.5,121.0,,
5743,2017,2017.0,Indianapolis Colts,4.0,143.0,MackMa00,marlon-mack-1,Marlon Mack,RB,South Florida,213.0,4.5,15.0,35.5,125.0,,
5744,2017,2017.0,Kansas City Chiefs,1.0,10.0,MahoPa00,patrick-mahomes-1,Patrick Mahomes,QB,Texas Tech,225.0,4.8,,30.0,114.0,6.88,4.08
5745,2017,2017.0,Cincinnati Bengals,4.0,128.0,MaloJo00,josh-malone-1,Josh Malone,WR,Tennessee,208.0,4.4,10.0,30.5,121.0,7.05,4.19
5751,2017,2017.0,Carolina Panthers,1.0,8.0,McCaCh01,christian-mccaffrey-1,Christian McCaffrey,RB,Stanford,202.0,4.48,10.0,37.5,121.0,6.57,4.22
5754,2017,2017.0,New York Jets,6.0,188.0,McGuEl00,elijah-mcguire-1,Elijah McGuire,RB,Louisiana,214.0,4.53,15.0,36.0,120.0,7.26,4.56
5755,2017,2017.0,Denver Broncos,5.0,172.0,McKeIs00,isaiah-mckenzie-1,Isaiah McKenzie,WR,Georgia,173.0,4.42,11.0,36.0,123.0,6.64,4.15
5758,2017,2017.0,Tampa Bay Buccaneers,5.0,162.0,McNiJe00,jeremy-mcnichols-1,Jeremy McNichols,RB,Boise State,214.0,4.49,,35.5,121.0,6.93,4.28
5770,2017,2017.0,Cleveland Browns,1.0,29.0,NjokDa00,david-njoku-1,David Njoku,TE,Miami (FL),246.0,4.64,21.0,37.5,133.0,6.97,4.34
5781,2017,2017.0,Washington Redskins,4.0,114.0,PeriSa00,samaje-perine-1,Samaje Perine,RB,Oklahoma,233.0,4.65,30.0,33.0,116.0,7.26,4.37
5782,2017,2017.0,Buffalo Bills,5.0,171.0,PeteNa00,nathan-peterman-1,Nathan Peterman,QB,Pittsburgh,226.0,4.82,,31.0,110.0,7.14,4.31
5787,2017,2017.0,Philadelphia Eagles,4.0,132.0,PumpDo00,donnel-pumphrey-1,Donnel Pumphrey,RB,San Diego State,176.0,4.48,5.0,33.5,117.0,,
5796,2017,2017.0,Los Angeles Rams,4.0,117.0,ReynJo00,josh-reynolds-1,Josh Reynolds,WR,Texas A&M,194.0,4.52,,37.0,124.0,6.83,4.13
5799,2017,2017.0,Detroit Lions,4.0,127.0,RobeMi01,michael-roberts-3,Michael Roberts,TE,Toledo,270.0,4.86,,30.0,110.0,7.05,4.51
5807,2017,2017.0,Cincinnati Bengals,1.0,9.0,RossJo00,john-ross-1,John Ross,WR,Washington,188.0,4.22,,37.0,133.0,,
5812,2017,2017.0,Carolina Panthers,2.0,40.0,SamuCu00,curtis-samuel-1,Curtis Samuel,WR,Ohio State,196.0,4.31,18.0,37.0,119.0,7.09,4.33
5813,2017,2017.0,Atlanta Falcons,5.0,174.0,SaubEr00,,Eric Saubert,TE,Drake,253.0,,22.0,33.0,121.0,,
5817,2017,2017.0,Chicago Bears,2.0,45.0,ShahAd00,,Adam Shaheen,TE,Ashland,278.0,4.79,24.0,32.5,121.0,7.09,4.38
5825,2017,2017.0,Tennessee Titans,3.0,100.0,SmitJo01,jonnu-smith-1,Jonnu Smith,TE,Florida International,248.0,4.62,22.0,38.0,127.0,,4.18
5826,2017,2017.0,Pittsburgh Steelers,2.0,62.0,SmitJu00,juju-smith-1,JuJu Smith-Schuster,WR,USC,215.0,4.54,15.0,32.5,120.0,,
5828,2017,2017.0,Washington Redskins,5.0,154.0,SpriJe00,jeremy-sprinkle-1,Jeremy Sprinkle,TE,Arkansas,252.0,4.69,,29.0,116.0,,
5831,2017,2017.0,New York Jets,3.0,79.0,StewAr00,ardarius-stewart-1,ArDarius Stewart,WR,Alabama,204.0,4.49,,34.0,124.0,,
5834,2017,2017.0,Dallas Cowboys,4.0,133.0,SwitRy00,ryan-switzer-1,Ryan Switzer,WR,North Carolina,181.0,4.51,11.0,32.0,116.0,6.77,4.0
5838,2017,2017.0,Tennessee Titans,3.0,72.0,TaylTa00,taywan-taylor-1,Taywan Taylor,WR,Western Kentucky,203.0,4.5,13.0,33.5,132.0,6.57,4.21
5839,2017,2017.0,San Francisco 49ers,5.0,177.0,TaylTr02,trent-taylor-2,Trent Taylor,WR,Louisiana Tech,181.0,4.63,13.0,33.0,117.0,6.74,4.01
5851,2017,2017.0,Chicago Bears,1.0,2.0,TrubMi00,mitch-trubisky-1,Mitchell Trubisky,QB,North Carolina,222.0,4.67,,27.5,116.0,6.87,4.25
5862,2017,2017.0,Houston Texans,1.0,12.0,WatsDe00,deshaun-watson-1,Deshaun Watson,QB,Clemson,221.0,4.66,,32.5,119.0,6.95,4.31
5864,2017,2017.0,New York Giants,3.0,87.0,WebbDa00,davis-webb-1,Davis Webb,QB,California,229.0,4.79,,33.0,118.0,6.92,4.21
5865,2017,2017.0,Jacksonville Jaguars,4.0,110.0,WestDe00,dede-westbrook-1,Dede Westbrook,WR,Oklahoma,178.0,,,,,,
5870,2017,2017.0,Green Bay Packers,4.0,134.0,WillJa06,jamaal-williams-1,Jamaal Williams,RB,BYU,212.0,4.59,,30.0,123.0,7.25,4.53
5871,2017,2017.0,San Francisco 49ers,4.0,121.0,WillJo12,joe-williams-7,Joe Williams,RB,Utah,210.0,4.41,14.0,35.0,125.0,7.19,4.19
5873,2017,2017.0,Los Angeles Chargers,1.0,7.0,WillMi07,mike-williams-17,Mike Williams,WR,Clemson,218.0,,15.0,32.5,121.0,,
5883,2018,2018.0,San Francisco 49ers,2.0,44.0,PettDa00,dante-pettis-1,Dante Pettis,WR,Washington,186.0,,,,,,
5887,2018,2018.0,Houston Texans,3.0,98.0,AkinJo00,jordan-akins-1,Jordan Akins,TE,Central Florida,249.0,,,,,,
5891,2018,2018.0,Buffalo Bills,1.0,7.0,AlleJo02,josh-allen-7,Josh Allen,QB,Wyoming,237.0,4.75,,33.5,119.0,6.9,4.4
5893,2018,2018.0,Baltimore Ravens,3.0,86.0,AndrMa00,mark-andrews-1,Mark Andrews,TE,Oklahoma,256.0,4.67,17.0,31.0,113.0,7.34,4.38
5897,2018,2018.0,Oakland Raiders,7.0,228.0,AtemMa00,marcell-ateman-1,Marcell Ateman,WR,Oklahoma State,216.0,4.62,13.0,34.0,121.0,7.07,4.25
5903,2018,2018.0,Miami Dolphins,4.0,131.0,BallKa00,kalen-ballage-1,Kalen Ballage,RB,Arizona State,228.0,4.46,15.0,33.5,122.0,6.91,4.35
5904,2018,2018.0,New York Giants,1.0,2.0,BarkSa00,saquon-barkley-1,Saquon Barkley,RB,Penn State,233.0,4.4,29.0,41.0,,,4.24
5911,2018,2018.0,New England Patriots,6.0,210.0,BerrBr00,braxton-berrios-1,Braxton Berrios,WR,Miami (FL),184.0,,11.0,,,,
5919,2018,2018.0,Green Bay Packers,6.0,207.0,St.BEq00,equanimeous-st-brown-1,Equanimeous St. brown,WR,Notre Dame,214.0,4.48,20.0,,,,
5924,2018,2018.0,Indianapolis Colts,6.0,185.0,CainDe00,deon-cain-1,Deon Cain,WR,Clemson,202.0,4.43,11.0,33.5,115.0,6.71,4.37
5925,2018,2018.0,Cleveland Browns,4.0,105.0,CallAn00,antonio-callaway-1,Antonio Callaway,WR,Florida,200.0,4.41,,34.0,121.0,,
5927,2018,2018.0,Los Angeles Chargers,6.0,191.0,CantDy00,dylan-cantrell-1,Dylan Cantrell,WR,Texas Tech,226.0,4.59,18.0,38.5,130.0,6.56,4.03
5934,2018,2018.0,Jacksonville Jaguars,2.0,61.0,CharDJ00,dj-chark-1,D.J. Chark,WR,LSU,199.0,4.34,16.0,40.0,129.0,,
5937,2018,2018.0,Cleveland Browns,2.0,35.0,ChubNi00,nick-chubb-1,Nick Chubb,RB,Georgia,227.0,4.52,29.0,38.5,128.0,7.09,4.25
5943,2018,2018.0,Minnesota Vikings,5.0,157.0,ConkTy00,tyler-conklin-1,Tyler Conklin,TE,Central Michigan,254.0,4.8,18.0,38.0,120.0,7.13,4.23
5945,2018,2018.0,Houston Texans,4.0,103.0,CoutKe00,keke-coutee-1,Keke Coutee,WR,Texas Tech,181.0,4.43,14.0,34.5,113.0,6.93,4.15
5952,2018,2018.0,New York Jets,1.0,3.0,DarnSa00,sam-darnold-1,Sam Darnold,QB,USC,221.0,4.85,,26.5,105.0,6.96,4.4
5962,2018,2018.0,Seattle Seahawks,4.0,120.0,DissWi00,will-dissly-1,Will Dissly,TE,Washington,262.0,4.87,15.0,28.0,111.0,7.07,4.4
5964,2018,2018.0,Arizona Cardinals,4.0,134.0,EdmoCh00,,Chase Edmonds,RB,Fordham,205.0,4.55,19.0,34.0,122.0,6.79,4.07
5971,2018,2018.0,New England Patriots,7.0,219.0,EtliDa00,danny-etling-1,Danny Etling,QB,LSU,222.0,4.76,,30.5,114.0,7.09,4.37
5974,2018,2018.0,Tennessee Titans,6.0,199.0,FalkLu00,luke-falk-1,Luke Falk,QB,Washington State,215.0,,,26.5,103.0,,
5987,2018,2018.0,Denver Broncos,3.0,71.0,FreeRo00,royce-freeman-1,Royce Freeman,RB,Oregon,229.0,4.54,17.0,34.0,118.0,6.9,4.16
5988,2018,2018.0,Denver Broncos,5.0,156.0,FumaTr00,troy-fumagalli-2,Troy Fumagalli,TE,Wisconsin,247.0,,14.0,,,,
5989,2018,2018.0,Dallas Cowboys,3.0,81.0,GallMi00,michael-gallup-1,Michael Gallup,WR,Colorado State,205.0,4.51,10.0,36.0,122.0,6.95,4.37
5992,2018,2018.0,Miami Dolphins,2.0,42.0,GesiMi00,mike-gesicki-1,Mike Gesicki,TE,Penn State,247.0,4.54,22.0,41.5,129.0,6.76,4.1
5993,2018,2018.0,Philadelphia Eagles,2.0,49.0,GoedDa00,,Dallas Goedert,TE,South Dakota State,256.0,,23.0,,,,
5998,2018,2018.0,Washington Redskins,2.0,59.0,GuicDe00,derrius-guice-1,Derrius Guice,RB,LSU,224.0,4.49,15.0,31.5,,,
6001,2018,2018.0,Denver Broncos,4.0,113.0,HamiDa01,daesean-hamilton-1,Daesean Hamilton,WR,Penn State,203.0,,,34.5,118.0,6.84,4.15
6013,2018,2018.0,New York Jets,4.0,107.0,HernCh00,,Chris Herndon,TE,Miami (FL),253.0,,21.0,,,,
6017,2018,2018.0,Indianapolis Colts,4.0,104.0,HineNy00,nyheim-hines-1,Nyheim Hines,RB,North Carolina State,198.0,4.38,,35.5,119.0,7.18,4.35
6022,2018,2018.0,Baltimore Ravens,1.0,25.0,HursHa00,hayden-hurst-1,Hayden Hurst,TE,South Carolina,250.0,4.67,,31.5,120.0,7.19,4.37
6027,2018,2018.0,New England Patriots,7.0,250.0,IzzoRy00,ryan-izzo-1,Ryan Izzo,TE,Florida State,256.0,4.94,18.0,33.0,110.0,7.15,4.43
6032,2018,2018.0,Los Angeles Chargers,7.0,251.0,JackJu01,justin-jackson-5,Justin Jackson,RB,Northwestern,199.0,4.52,13.0,38.5,122.0,6.81,4.07
6033,2018,2018.0,Baltimore Ravens,1.0,32.0,JackLa00,lamar-jackson-1,Lamar Jackson,QB,Louisville,216.0,,,,,,
6037,2018,2018.0,San Francisco 49ers,7.0,240.0,JameRi00,,Richie James,WR,Middle Tennessee State,183.0,4.48,6.0,35.5,122.0,6.87,4.16
6041,2018,2018.0,Detroit Lions,2.0,43.0,JohnKe06,kerryon-johnson-1,Kerryon Johnson,RB,Auburn,213.0,,11.0,40.0,126.0,7.07,4.29
6046,2018,2018.0,Tampa Bay Buccaneers,2.0,38.0,JoneRo01,ronald-jones-4,Ronald Jones,RB,USC,205.0,4.65,,36.5,,,
6052,2018,2018.0,Los Angeles Rams,6.0,176.0,KellJo00,john-kelly-6,John Kelly,RB,Tennessee,216.0,,15.0,35.0,120.0,7.13,4.51
6056,2018,2018.0,Arizona Cardinals,2.0,47.0,KirkCh01,christian-kirk-1,Christian Kirk,WR,Texas A&M,201.0,4.47,20.0,35.5,115.0,7.09,4.45
6060,2018,2018.0,Baltimore Ravens,5.0,162.0,LaslJo00,jordan-lasley-1,Jordan Lasley,WR,UCLA,203.0,4.5,8.0,34.5,112.0,,4.19
6061,2018,2018.0,New York Giants,4.0,108.0,LaulKy00,,Kyle Lauletta,QB,Richmond,222.0,4.81,,31.0,113.0,6.95,4.07
6063,2018,2018.0,Jacksonville Jaguars,6.0,203.0,LeexTa00,tanner-lee-1,Tanner Lee,QB,Nebraska,218.0,4.98,,32.0,115.0,7.0,4.41
6075,2018,2018.0,Cleveland Browns,1.0,1.0,MayfBa00,baker-mayfield-1,Baker Mayfield,QB,Oklahoma,215.0,4.84,,29.0,111.0,7.0,4.28
6076,2018,2018.0,Buffalo Bills,6.0,187.0,McClRa00,ray-ray-mccloud-1,Ray-ray McCloud,WR,Clemson,190.0,4.53,13.0,34.5,113.0,,
6084,2018,2018.0,New England Patriots,1.0,31.0,MichSo00,sony-michel-1,Sony Michel,RB,Georgia,214.0,4.54,22.0,,,,4.21
6085,2018,2018.0,Chicago Bears,2.0,51.0,MillAn02,anthony-miller-6,Anthony Miller,WR,Memphis,201.0,,22.0,,,,
6089,2018,2018.0,Carolina Panthers,1.0,24.0,MoorD.00,dj-moore-3,D.J. Moore,WR,Maryland,210.0,4.42,15.0,39.5,132.0,6.95,4.07
6110,2018,2018.0,Seattle Seahawks,1.0,27.0,PennRa00,rashaad-penny-1,Rashaad Penny,RB,San Diego State,220.0,4.46,13.0,32.5,120.0,,
6121,2018,2018.0,Washington Redskins,7.0,256.0,QuinTr00,trey-quinn-1,Trey Quinn,WR,SMU,203.0,4.55,17.0,33.5,116.0,6.91,4.19
6129,2018,2018.0,Atlanta Falcons,1.0,26.0,RidlCa00,calvin-ridley-1,Calvin Ridley,WR,Alabama,189.0,4.43,15.0,31.0,110.0,6.88,4.41
6133,2018,2018.0,Arizona Cardinals,1.0,10.0,RoseJo01,josh-rosen-1,Josh Rosen,QB,UCLA,226.0,4.92,,31.0,111.0,7.09,4.28
6135,2018,2018.0,Pittsburgh Steelers,3.0,76.0,RudoMa00,mason-rudolph-1,Mason Rudolph,QB,Oklahoma State,235.0,4.9,,26.0,,,
6137,2018,2018.0,Pittsburgh Steelers,5.0,165.0,SamuJa00,jaylen-samuels-1,Jaylen Samuels,TE,North Carolina State,225.0,4.54,18.0,34.5,121.0,6.93,4.28
6140,2018,2018.0,Dallas Cowboys,7.0,236.0,ScarBo01,bo-scarbrough-1,Bo Scarbrough,RB,Alabama,228.0,4.52,14.0,40.0,129.0,,4.34
6141,2018,2018.0,Dallas Cowboys,4.0,137.0,SchuDa00,dalton-schultz-1,Dalton Schultz,TE,Stanford,244.0,4.75,15.0,32.0,120.0,7.0,4.4
6142,2018,2018.0,Baltimore Ravens,4.0,132.0,ScotJa02,jaleel-scott-1,Jaleel Scott,WR,New Mexico State,218.0,4.56,16.0,34.5,124.0,7.2,4.4
6155,2018,2018.0,Miami Dolphins,4.0,123.0,SmytDu00,durham-smythe-1,Durham Smythe,TE,Notre Dame,253.0,4.81,18.0,31.0,110.0,7.17,4.23
6162,2018,2018.0,Denver Broncos,2.0,40.0,SuttCo00,courtland-sutton-1,Courtland Sutton,WR,SMU,218.0,4.54,18.0,35.5,124.0,6.57,4.11
6164,2018,2018.0,Cincinnati Bengals,7.0,253.0,TateAu00,auden-tate-1,Auden Tate,WR,Florida State,228.0,4.68,,31.0,112.0,,
6169,2018,2018.0,Carolina Panthers,4.0,101.0,ThomIa00,ian-thomas-3,Ian Thomas,TE,Indiana,259.0,4.74,,36.0,123.0,7.15,4.2
6170,2018,2018.0,Houston Texans,6.0,211.0,ThomJo05,jordan-thomas-6,Jordan Thomas,TE,Mississippi State,265.0,4.74,16.0,27.0,111.0,7.5,4.75
6180,2018,2018.0,Green Bay Packers,5.0,174.0,ValdMa00,marquez-valdes-scantling-1,Marquez Valdes-Scantling,WR,South Florida,206.0,4.37,15.0,30.5,124.0,,
6187,2018,2018.0,Cincinnati Bengals,4.0,112.0,WaltMa00,mark-walton-1,Mark Walton,RB,Miami (FL),202.0,4.6,18.0,31.5,118.0,,
6191,2018,2018.0,Pittsburgh Steelers,2.0,60.0,WashJa00,james-washington-5,James Washington,WR,Oklahoma State,213.0,4.54,14.0,34.5,120.0,7.11,4.32
6200,2018,2018.0,Dallas Cowboys,5.0,171.0,WhitMi01,,Mike White,QB,Western Kentucky,224.0,5.09,,27.0,96.0,7.4,4.4
6204,2018,2018.0,Indianapolis Colts,5.0,169.0,WilkJo01,jordan-wilkins-1,Jordan Wilkins,RB,Mississippi,216.0,,16.0,36.0,117.0,,4.27
6208,2018,2018.0,Dallas Cowboys,6.0,208.0,WilsCe01,cedric-wilson-3,Cedrick Wilson,WR,Boise State,197.0,4.55,9.0,37.0,121.0,6.89,4.23
6210,2018,2018.0,Chicago Bears,7.0,224.0,WimsJa00,javon-wims-1,Javon Wims,WR,Georgia,215.0,4.53,,33.5,113.0,7.0,
6213,2018,2018.0,Cincinnati Bengals,7.0,249.0,WoodLo00,logan-woodside-1,Logan Woodside,QB,Toledo,213.0,4.79,,31.5,103.0,6.94,4.15
6230,2019,2019.0,Cincinnati Bengals,6.0,211.0,AndeRo02,rodney-anderson-1,Rodney Anderson,RB,Oklahoma,224.0,,25.0,,,,
6231,2019,2019.0,Philadelphia Eagles,2.0,57.0,ArceJJ00,jj-arcega-whiteside-1,J.J. Arcega-Whiteside,WR,Stanford,225.0,,,,,,
6232,2019,2019.0,Jacksonville Jaguars,5.0,140.0,ArmsRy00,ryquell-armstead-1,Ryquell Armstead,RB,Temple,220.0,4.45,22.0,30.0,114.0,7.02,4.29
6253,2019,2019.0,Baltimore Ravens,3.0,93.0,BoykMi00,miles-boykin-1,Miles Boykin,WR,Notre Dame,220.0,4.42,12.0,43.5,140.0,6.77,4.07
6259,2019,2019.0,Tennessee Titans,2.0,51.0,BrowAJ00,aj-brown-3,A.J. Brown,WR,Mississippi,226.0,4.49,19.0,36.5,120.0,,
6262,2019,2019.0,Baltimore Ravens,1.0,25.0,BrowMa04,marquise-brown-1,Marquise Brown,WR,Oklahoma,166.0,,,,,,
6271,2019,2019.0,Arizona Cardinals,4.0,103.0,ButlHa00,hakeem-butler-1,Hakeem Butler,WR,Iowa State,227.0,4.48,18.0,36.0,128.0,,
6274,2019,2019.0,Indianapolis Colts,2.0,59.0,CampPa00,parris-campbell-1,Parris Campbell,WR,Ohio State,205.0,4.31,11.0,40.0,135.0,,4.03
6313,2019,2019.0,Denver Broncos,1.0,20.0,FantNo00,noah-fant-1,Noah Fant,TE,Iowa,249.0,4.5,20.0,39.5,127.0,6.81,4.22
6318,2019,2019.0,Cincinnati Bengals,4.0,104.0,FinlRy00,ryan-finley-1,Ryan Finley,QB,North Carolina State,213.0,4.73,,30.5,116.0,7.2,4.2
6323,2019,2019.0,Detroit Lions,6.0,184.0,FulgTr00,travis-fulgham-1,Travis Fulgham,WR,Old Dominion,215.0,4.58,15.0,36.5,126.0,,
6329,2019,2019.0,Miami Dolphins,7.0,234.0,GaskMy00,myles-gaskin-1,Myles Gaskin,RB,Washington,205.0,4.58,24.0,35.5,118.0,7.19,4.27
6331,2019,2019.0,Pittsburgh Steelers,5.0,141.0,GentZa00,zach-gentry-2,Zach Gentry,TE,Michigan,265.0,4.9,12.0,29.5,110.0,7.4,4.53
6336,2019,2019.0,Carolina Panthers,7.0,237.0,GodwTe00,terry-godwin-1,Terry Godwin,WR,Georgia,184.0,4.55,,36.5,117.0,6.96,
6343,2019,2019.0,Carolina Panthers,3.0,100.0,GrieWi00,will-grier-1,Will Grier,QB,West Virginia,217.0,4.84,,34.0,112.0,7.09,4.28
6351,2019,2019.0,Kansas City Chiefs,2.0,56.0,HardMe00,mecole-hardman-1,Mecole Hardman,WR,Georgia,187.0,4.33,17.0,36.5,119.0,,
6352,2019,2019.0,Washington Redskins,6.0,206.0,HarmKe00,kelvin-harmon-1,Kelvin Harmon,WR,North Carolina State,221.0,4.6,18.0,32.5,117.0,7.15,4.32
6353,2019,2019.0,New England Patriots,3.0,87.0,HarrDa06,damien-harris-1,Damien Harris,RB,Alabama,216.0,4.57,16.0,37.0,121.0,,
6355,2019,2019.0,New England Patriots,1.0,32.0,HarrNK00,nkeal-harry-1,N'Keal Harry,WR,Arizona State,228.0,4.53,27.0,38.5,122.0,,
6357,2019,2019.0,Washington Redskins,1.0,15.0,HaskDw00,dwayne-haskins-1,Dwayne Haskins,QB,Ohio State,231.0,5.04,,28.5,,,
6360,2019,2019.0,Los Angeles Rams,3.0,70.0,HendDa00,darrell-henderson-1,Darrell Henderson,RB,Memphis,208.0,4.49,22.0,33.5,121.0,,
6363,2019,2019.0,Baltimore Ravens,4.0,113.0,HillJu00,justice-hill-1,Justice Hill,RB,Oklahoma State,198.0,4.4,21.0,40.0,130.0,,
6365,2019,2019.0,Detroit Lions,1.0,8.0,HockTJ00,tj-hockenson-1,T.J. Hockenson,TE,Iowa,251.0,4.7,17.0,37.5,123.0,7.02,4.18
6369,2019,2019.0,Seattle Seahawks,6.0,204.0,HomeTr00,travis-homer-1,Travis Homer,RB,Miami (FL),201.0,4.48,17.0,39.5,130.0,7.07,4.31
6374,2019,2019.0,San Francisco 49ers,3.0,67.0,HurdJa00,jalen-hurd-1,Jalen Hurd,WR,Baylor,226.0,,23.0,,,,
6377,2019,2019.0,Arizona Cardinals,2.0,62.0,IsabAn00,andy-isabella-1,Andy Isabella,WR,Massachusetts,188.0,4.31,15.0,36.5,121.0,6.95,4.15
6382,2019,2019.0,Oakland Raiders,1.0,24.0,JacoJo01,joshua-jacobs-1,Josh Jacobs,RB,Alabama,220.0,,,,,,
6387,2019,2019.0,Seattle Seahawks,4.0,120.0,JennGa00,gary-jennings-1,Gary Jennings,WR,West Virginia,214.0,4.42,20.0,37.0,127.0,7.32,4.15
6391,2019,2019.0,Pittsburgh Steelers,3.0,66.0,JohnDi01,diontae-johnson-1,Diontae Johnson,WR,Toledo,183.0,4.53,15.0,33.5,123.0,7.09,4.45
6396,2019,2019.0,Arizona Cardinals,6.0,174.0,JohnKe07,keesean-johnson-1,Keesean Johnson,WR,Fresno State,201.0,4.6,14.0,30.0,117.0,7.28,4.23
6398,2019,2019.0,Minnesota Vikings,7.0,247.0,JohnOl00,olabisi-johnson-1,Bisi Johnson,WR,Colorado State,204.0,4.51,14.0,38.0,124.0,6.88,4.16
6399,2019,2019.0,New York Giants,1.0,6.0,JoneDa05,daniel-jones-4,Daniel Jones,QB,Duke,221.0,4.81,,33.5,120.0,7.0,4.41
6408,2019,2019.0,Buffalo Bills,3.0,96.0,KnoxDa00,dawson-knox-1,Dawson Knox,TE,Mississippi,254.0,,16.0,34.5,,7.12,4.27
6416,2019,2019.0,Denver Broncos,2.0,42.0,LockDr00,drew-lock-1,Drew Lock,QB,Missouri,228.0,4.69,,31.0,112.0,7.03,4.12
6419,2019,2019.0,Washington Redskins,4.0,112.0,LoveBr00,bryce-love-1,Bryce Love,RB,Stanford,200.0,,18.0,,,,
6421,2019,2019.0,New Orleans Saints,7.0,231.0,MackAl00,alize-mack-1,Alize Mack,TE,Notre Dame,249.0,4.7,22.0,36.0,120.0,7.27,4.34
6423,2019,2019.0,Minnesota Vikings,3.0,102.0,MattAl01,alexander-mattison-1,Alexander Mattison,RB,Boise State,221.0,4.67,22.0,35.0,127.0,7.13,4.29
6428,2019,2019.0,Washington Redskins,3.0,76.0,McLaTe00,terry-mclaurin-1,Terry McLaurin,WR,Ohio State,208.0,4.35,18.0,37.5,125.0,7.01,4.15
6429,2019,2019.0,Baltimore Ravens,6.0,197.0,McSoTr00,trace-mcsorley-1,Trace McSorley,QB,Penn State,202.0,4.57,,33.0,115.0,7.09,4.12
6430,2019,2019.0,Seattle Seahawks,2.0,64.0,MetcDK00,dk-metcalf-1,D.K. Metcalf,WR,Mississippi,228.0,4.33,27.0,40.5,134.0,7.38,4.5
6436,2019,2019.0,Jacksonville Jaguars,6.0,178.0,MinsGa00,gardner-minshew-1,Gardner Minshew,QB,Washington State,225.0,4.97,,33.5,116.0,7.14,4.45
6437,2019,2019.0,Minnesota Vikings,7.0,239.0,MitcDi00,dillon-mitchell-1,Dillon Mitchell,WR,Oregon,197.0,4.46,12.0,36.5,122.0,,4.29
6438,2019,2019.0,Chicago Bears,3.0,73.0,MontDa01,david-montgomery-1,David Montgomery,RB,Iowa State,222.0,4.63,15.0,28.5,121.0,,
6440,2019,2019.0,Oakland Raiders,4.0,137.0,MoreFo00,foster-moreau-1,Foster Moreau,TE,LSU,253.0,4.66,22.0,36.5,121.0,7.16,4.11
6444,2019,2019.0,Arizona Cardinals,1.0,1.0,MurrKy00,kyler-murray-1,Kyler Murray,QB,Oklahoma,207.0,,,,,,
6446,2019,2019.0,Detroit Lions,7.0,224.0,NautIs00,isaac-nauta-1,Isaac Nauta,TE,Georgia,244.0,4.91,19.0,28.0,,7.45,4.43
6451,2019,2019.0,Jacksonville Jaguars,3.0,69.0,OlivJo00,josh-oliver-1,Josh Oliver,TE,San Jose State,249.0,4.63,22.0,34.0,117.0,7.21,4.47
6452,2019,2019.0,Atlanta Falcons,5.0,152.0,OlliQa00,oadree-ollison-1,Qadree Ollison,RB,Pittsburgh,228.0,4.58,19.0,29.5,114.0,7.53,4.31
6461,2019,2019.0,Dallas Cowboys,4.0,128.0,PollTo00,tony-pollard-1,Tony Pollard,RB,Memphis,210.0,4.52,13.0,35.0,121.0,,
6471,2019,2019.0,Oakland Raiders,5.0,149.0,RenfHu00,hunter-renfrow-1,Hunter Renfrow,WR,Clemson,184.0,4.59,7.0,35.0,116.0,6.8,4.19
6472,2019,2019.0,Chicago Bears,4.0,126.0,RidlRi00,riley-ridley-1,Riley Ridley,WR,Georgia,199.0,4.58,13.0,30.5,124.0,7.22,4.28
6478,2019,2019.0,Cincinnati Bengals,2.0,52.0,SampDr00,drew-sample-1,Drew Sample,TE,Washington,255.0,4.71,,33.5,115.0,7.15,4.31
6479,2019,2019.0,San Francisco 49ers,2.0,36.0,SamuDe00,deebo-samuel-1,Deebo Samuel,WR,South Carolina,214.0,4.48,15.0,39.0,122.0,7.03,4.14
6480,2019,2019.0,Philadelphia Eagles,2.0,53.0,SandMi01,miles-sanders-1,Miles Sanders,RB,Penn State,211.0,4.49,20.0,36.0,124.0,6.89,4.19
6483,2019,2019.0,Carolina Panthers,5.0,154.0,ScarJo00,jordan-scarlett-1,Jordan Scarlett,RB,Florida,208.0,4.47,21.0,30.0,116.0,7.37,4.63
6490,2019,2019.0,Buffalo Bills,3.0,74.0,SingDe00,devin-singletary-1,Devin Singletary,RB,Florida Atlantic,203.0,4.66,15.0,35.0,117.0,7.32,4.4
6492,2019,2019.0,New York Giants,5.0,171.0,SlayDa01,darius-slayton-1,Darius Slayton,WR,Auburn,190.0,4.39,11.0,40.5,135.0,7.0,4.15
6494,2019,2019.0,Minnesota Vikings,2.0,50.0,SmitIr01,irv-smith-jr-1,Irv Smith,TE,Alabama,242.0,4.63,19.0,32.5,110.0,7.32,4.33
6496,2019,2019.0,San Francisco 49ers,6.0,176.0,SmitKa00,kaden-smith-1,Kaden Smith,TE,Stanford,255.0,4.92,15.0,32.0,108.0,7.08,4.47
6499,2019,2019.0,Pittsburgh Steelers,4.0,122.0,SnelBe00,benjamin-snell-jr-1,Benny Snell,RB,Kentucky,224.0,4.66,16.0,29.5,119.0,7.07,4.33
6500,2019,2019.0,Green Bay Packers,3.0,75.0,SterJa00,jace-sternberger-1,Jace Sternberger,TE,Texas A&M,251.0,4.75,17.0,31.5,113.0,7.19,4.31
6501,2019,2019.0,Los Angeles Chargers,5.0,166.0,SticEa00,,Easton Stick,QB,North Dakota State,224.0,4.62,,33.5,118.0,6.65,4.05
6502,2019,2019.0,New England Patriots,4.0,133.0,StidJa00,jarrett-stidham-1,Jarrett Stidham,QB,Auburn,218.0,4.81,,31.0,110.0,7.28,4.33
6505,2019,2019.0,Buffalo Bills,7.0,228.0,SweeTo00,tommy-sweeney-1,Tommy Sweeney,TE,Boston Col.,251.0,4.83,17.0,,,,
6517,2019,2019.0,Philadelphia Eagles,5.0,167.0,ThorCl00,clayton-thorson-1,Clayton Thorson,QB,Northwestern,222.0,,,,,,
6523,2019,2019.0,Houston Texans,3.0,86.0,WarrKa00,kahale-warring-1,Kahale Warring,TE,San Diego State,252.0,4.67,19.0,36.5,122.0,7.21,4.25
6526,2019,2019.0,Dallas Cowboys,7.0,218.0,WebeMi00,mike-weber-1,Mike Weber,RB,Ohio State,211.0,4.47,22.0,33.5,,,
6528,2019,2019.0,New York Jets,4.0,121.0,WescTr00,trevon-wesco-1,Trevon Wesco,TE,West Virginia,267.0,4.89,24.0,31.0,117.0,7.18,4.38
6534,2019,2019.0,Green Bay Packers,6.0,194.0,WillDe07,dexter-williams-1,Dexter Williams,RB,Notre Dame,212.0,4.57,17.0,36.0,130.0,7.0,4.16
6540,2019,2019.0,Cincinnati Bengals,6.0,182.0,WillTr06,trayveon-williams-1,Trayveon Williams,RB,Texas A&M,206.0,4.51,19.0,33.0,121.0,7.44,4.44
6543,2019,2019.0,Arizona Cardinals,7.0,254.0,WilsCa00,caleb-wilson-2,Caleb Wilson,TE,UCLA,240.0,4.56,,29.0,113.0,7.2,4.4
6559,2020,2020.0,San Francisco 49ers,1.0,25.0,AiyuBr00,brandon-aiyuk-1,Brandon Aiyuk,WR,Arizona State,205.0,4.5,11.0,40.0,128.0,,
6560,2020,2020.0,Los Angeles Rams,2.0,52.0,AkerCa00,cam-akers-1,Cam Akers,RB,Florida State,217.0,4.47,20.0,35.5,122.0,,4.42
6566,2020,2020.0,New England Patriots,3.0,91.0,AsiaDe00,devin-asiasi-1,Devin Asiasi,TE,UCLA,257.0,4.73,16.0,30.5,115.0,,
6577,2020,2020.0,Arizona Cardinals,7.0,222.0,BenjEn00,eno-benjamin-1,Eno Benjamin,RB,Arizona State,207.0,4.57,12.0,39.0,122.0,6.97,4.25
6584,2020,2020.0,Las Vegas Raiders,3.0,80.0,BowdLy00,lynn-bowden-jr-1,Lynn Bowden,WR,Kentucky,204.0,,13.0,,,,
6592,2020,2020.0,Cleveland Browns,4.0,115.0,BryaHa00,harrison-bryant-1,Harrison Bryant,TE,Florida Atlantic,243.0,4.73,13.0,32.5,110.0,7.41,4.37
6597,2020,2020.0,Cincinnati Bengals,1.0,1.0,BurrJo01,joe-burrow-1,Joe Burrow,QB,LSU,221.0,,,,,,
6600,2020,2020.0,Tampa Bay Buccaneers,7.0,245.0,CalaRa00,raymond-calais-1,Raymond Calais,RB,Louisiana-Lafayette,188.0,4.42,20.0,37.5,120.0,,
6603,2020,2020.0,Detroit Lions,5.0,166.0,CephQu00,quintez-cephus-1,Quintez Cephus,WR,Wisconsin,202.0,4.73,23.0,38.5,124.0,7.2,4.33
6610,2020,2020.0,Pittsburgh Steelers,2.0,49.0,ClayCh01,chase-claypool-1,Chase Claypool,WR,Notre Dame,238.0,4.42,19.0,40.5,126.0,,
6613,2020,2020.0,Denver Broncos,7.0,252.0,ClevTy00,tyrie-cleveland-1,Tyrie Cleveland,WR,Florida,209.0,4.46,13.0,39.5,126.0,,
6619,2020,2020.0,Houston Texans,5.0,171.0,CoulIs00,,Isaiah Coulter,WR,Rhode Island,198.0,4.45,,36.0,121.0,7.28,4.62
6622,2020,2020.0,Seattle Seahawks,4.0,144.0,DallDe00,deejay-dallas-1,DeeJay Dallas,RB,Miami,217.0,4.58,,33.5,119.0,7.18,4.32
6629,2020,2020.0,Buffalo Bills,4.0,128.0,DaviGa01,gabriel-davis-1,Gabriel Davis,WR,UCF,216.0,4.54,14.0,35.0,124.0,7.08,4.59
6635,2020,2020.0,Green Bay Packers,3.0,94.0,DeguJo00,josiah-deguara-1,Josiah Deguara,TE,Cincinnati,242.0,4.72,25.0,35.5,115.0,7.15,4.35
6638,2020,2020.0,Green Bay Packers,2.0,62.0,DillAJ00,aj-dillon-1,AJ Dillon,RB,Boston College,247.0,4.53,23.0,41.0,131.0,7.19,
6640,2020,2020.0,Baltimore Ravens,2.0,55.0,DobbJK00,jk-dobbins-1,J.K. Dobbins,RB,Ohio State,209.0,,23.0,,,,
6645,2020,2020.0,Baltimore Ravens,3.0,92.0,DuveDe00,devin-duvernay-1,Devin Duvernay,WR,Texas,200.0,4.39,,35.5,123.0,7.13,4.2
6647,2020,2020.0,Indianapolis Colts,4.0,122.0,EasoJa00,jacob-eason-1,Jacob Eason,QB,Washington,231.0,4.89,,27.5,110.0,7.5,4.75
6648,2020,2020.0,Las Vegas Raiders,3.0,81.0,EdwaBr01,bryan-edwards-1,Bryan Edwards,WR,South Carolina,212.0,,,,,,
6649,2020,2020.0,Kansas City Chiefs,1.0,32.0,EdwaCl00,clyde-edwards-helaire-1,Clyde Edwards-Helaire,RB,LSU,207.0,4.6,15.0,39.5,123.0,,
6653,2020,2020.0,Tennessee Titans,3.0,93.0,EvanDa02,darrynton-evans-1,Darrynton Evans,RB,Appalachian State,203.0,4.41,20.0,37.0,125.0,,
6657,2020,2020.0,Buffalo Bills,5.0,167.0,FromJa00,jake-fromm-1,Jake Fromm,QB,Georgia,219.0,5.01,,30.0,111.0,7.27,4.51
6663,2020,2020.0,Washington Football Team,4.0,142.0,GandAn00,antonio-gandy-golden-1,Antonio Gandy-Golden,WR,Liberty,223.0,4.6,22.0,36.0,127.0,7.33,4.55
6666,2020,2020.0,Washington Football Team,3.0,66.0,GibsAn00,antonio-gibson-2,Antonio Gibson,WR,Memphis,228.0,4.39,16.0,35.0,118.0,,
6679,2020,2020.0,Denver Broncos,2.0,46.0,HamlKJ00,kj-hamler-1,KJ Hamler,WR,Penn State,178.0,,15.0,,,,
6690,2020,2020.0,Los Angeles Chargers,1.0,6.0,HerbJu00,justin-herbert-1,Justin Herbert,QB,Oregon,236.0,4.68,,35.5,123.0,7.06,4.46
6693,2020,2020.0,Cincinnati Bengals,2.0,33.0,HiggTe00,tee-higgins-1,Tee Higgins,WR,Clemson,216.0,,,,,,
6695,2020,2020.0,Philadelphia Eagles,5.0,168.0,HighJo00,john-hightower-1,John Hightower,WR,Boise State,189.0,4.43,,38.5,122.0,7.07,4.21
6696,2020,2020.0,Los Angeles Chargers,7.0,220.0,HillKJ00,kj-hill-1,K.J. Hill,WR,Ohio State,196.0,4.6,17.0,32.5,114.0,,
6699,2020,2020.0,Buffalo Bills,6.0,207.0,HodgIs00,isaiah-hodgins-1,Isaiah Hodgins,WR,Oregon State,210.0,4.61,9.0,36.5,124.0,7.01,4.12
6702,2020,2020.0,Los Angeles Rams,4.0,136.0,HopkBr01,brycen-hopkins-1,Brycen Hopkins,TE,Purdue,245.0,4.66,21.0,33.5,116.0,7.25,4.28
6705,2020,2020.0,Philadelphia Eagles,2.0,53.0,HurtJa00,jalen-hurts-1,Jalen Hurts,QB,Oklahoma,222.0,4.59,,35.0,125.0,,
6710,2020,2020.0,Las Vegas Raiders,1.0,12.0,RuggHe00,henry-ruggs-iii-1,Henry Ruggs III,WR,Alabama,188.0,4.27,,42.0,131.0,,
6718,2020,2020.0,Minnesota Vikings,1.0,22.0,JeffJu00,justin-jefferson-1,Justin Jefferson,WR,LSU,202.0,4.43,,37.5,126.0,,
6719,2020,2020.0,Los Angeles Rams,2.0,57.0,JeffVa00,van-jefferson-1,Van Jefferson,WR,Florida,200.0,,,,,,
6721,2020,2020.0,San Francisco 49ers,7.0,217.0,JennJa00,jauan-jennings-1,Jauan Jennings,WR,Tennessee,215.0,4.72,,29.0,119.0,,
6722,2020,2020.0,Denver Broncos,1.0,15.0,JeudJe00,jerry-jeudy-1,Jerry Jeudy,WR,Alabama,193.0,4.45,,35.0,120.0,,4.53
6723,2020,2020.0,Jacksonville Jaguars,5.0,165.0,JohnCo01,collin-johnson-2,Collin Johnson,WR,Texas,222.0,,17.0,,,,
6726,2020,2020.0,Tampa Bay Buccaneers,5.0,161.0,JohnTy00,tyler-johnson-6,Tyler Johnson,WR,Minnesota,206.0,,,,,,
6734,2020,2020.0,Jacksonville Jaguars,2.0,42.0,ShenLa00,laviska-shenault-jr-1,Laviska Shenault Jr.,WR,Colorado,227.0,4.58,17.0,,,,
6738,2020,2020.0,New England Patriots,3.0,101.0,KeenDa00,dalton-keene-1,Dalton Keene,TE,Virginia Tech,253.0,4.71,21.0,34.0,125.0,7.07,4.19
6739,2020,2020.0,Los Angeles Chargers,4.0,112.0,KellJo01,joshua-kelley-1,Joshua Kelley,RB,UCLA,212.0,4.49,23.0,31.0,121.0,6.95,4.28
6743,2020,2020.0,Chicago Bears,2.0,43.0,KmetCo00,cole-kmet-1,Cole Kmet,TE,Notre Dame,262.0,4.7,,37.0,123.0,7.44,4.41
6744,2020,2020.0,Dallas Cowboys,1.0,17.0,LambCe00,ceedee-lamb-1,CeeDee Lamb,WR,Oklahoma,198.0,4.5,11.0,34.5,124.0,,
6752,2020,2020.0,Green Bay Packers,1.0,26.0,LoveJo03,jordan-love-2,Jordan Love,QB,Utah State,224.0,4.74,,35.5,118.0,7.21,4.52
6753,2020,2020.0,Jacksonville Jaguars,6.0,189.0,LutoJa00,jake-luton-1,Jake Luton,QB,Oregon State,224.0,,,,,,
6760,2020,2020.0,Tennessee Titans,7.0,224.0,McDoCo00,cole-mcdonald-1,Cole McDonald,QB,Hawaii,215.0,4.58,,36.0,121.0,7.13,4.52
6761,2020,2020.0,Pittsburgh Steelers,4.0,124.0,McFaAn00,anthony-mcfarland-2,Anthony McFarland,RB,Maryland,208.0,4.44,,29.5,116.0,,
6767,2020,2020.0,New York Jets,2.0,59.0,MimsDe00,denzel-mims-1,Denzel Mims,WR,Baylor,207.0,4.38,16.0,38.5,131.0,6.66,4.43
6771,2020,2020.0,Chicago Bears,5.0,173.0,MoonDa00,darnell-mooney-1,Darnell Mooney,WR,Tulane,176.0,4.38,9.0,37.0,124.0,,
6772,2020,2020.0,New York Jets,4.0,125.0,MorgJa00,james-morgan-1,James Morgan,QB,Florida International,229.0,4.89,,29.0,112.0,7.51,4.64
6774,2020,2020.0,Buffalo Bills,3.0,86.0,MossZa00,zack-moss-1,Zack Moss,RB,Utah,223.0,4.65,19.0,33.0,,,4.37
6785,2020,2020.0,Denver Broncos,4.0,118.0,OkwuAl00,albert-okwuegbunam-1,Albert Okwuegbunam,TE,Missouri,258.0,4.49,,,,,
6789,2020,2020.0,Minnesota Vikings,5.0,176.0,OsboKJ00,kj-osborn-1,K.J. Osborn,WR,Miami,203.0,4.48,18.0,37.5,123.0,7.0,4.35
6791,2020,2020.0,Seattle Seahawks,4.0,133.0,ParkCo02,colby-parkinson-1,Colby Parkinson,TE,Stanford,252.0,4.77,18.0,32.5,109.0,7.15,4.46
6792,2020,2020.0,Indianapolis Colts,6.0,212.0,PatmDe00,dezmon-patmon-1,Dezmon Patmon,WR,Washington State,225.0,4.48,15.0,36.0,132.0,7.28,4.38
6797,2020,2020.0,Cleveland Browns,6.0,187.0,PeopDo00,donovan-peoples-jones-1,Donovan Peoples-Jones,WR,Michigan,212.0,4.48,,44.5,139.0,,
6798,2020,2020.0,New York Jets,4.0,120.0,PeriLa00,lamical-perine-1,La'Mical Perine,RB,Florida,216.0,4.62,22.0,35.0,118.0,7.13,4.31
6799,2020,2020.0,Miami Dolphins,7.0,246.0,PerrMa00,malcolm-perry-1,Malcolm Perry,WR,Navy,186.0,4.63,10.0,36.0,122.0,7.12,4.31
6807,2020,2020.0,Indianapolis Colts,2.0,34.0,PittMi01,michael-pittman-jr-1,Michael Pittman,WR,USC,223.0,4.52,13.0,36.5,121.0,6.96,4.14
6809,2020,2020.0,Baltimore Ravens,6.0,201.0,ProcJa00,james-proche-1,James Proche,WR,SMU,201.0,,20.0,34.5,,7.27,4.4
6812,2020,2020.0,Philadelphia Eagles,1.0,21.0,ReagJa00,jalen-reagor-1,Jalen Reagor,WR,TCU,206.0,4.47,17.0,42.0,138.0,7.31,4.46
6813,2020,2020.0,Los Angeles Chargers,5.0,151.0,ReedJo03,joe-reed-4,Joe Reed,WR,Virginia,224.0,4.47,21.0,38.0,123.0,,
6833,2020,2020.0,Minnesota Vikings,7.0,244.0,StanNa00,nathan-stanley-2,Nate Stanley,QB,Iowa,235.0,4.81,,28.5,108.0,7.26,4.48
6841,2020,2020.0,Seattle Seahawks,7.0,251.0,SullSt00,stephen-sullivan-1,Stephen Sullivan,TE,LSU,248.0,4.66,,36.5,123.0,7.51,4.62
6842,2020,2020.0,Seattle Seahawks,6.0,214.0,SwaiFr00,freddie-swain-1,Freddie Swain,WR,Florida,197.0,4.46,16.0,36.5,124.0,7.05,4.26
6843,2020,2020.0,Detroit Lions,2.0,35.0,SwifDA00,dandre-swift-1,D'Andre Swift,RB,Georgia,212.0,4.48,,35.5,121.0,,
6844,2020,2020.0,Miami Dolphins,1.0,5.0,TagoTu00,tua-tagovailoa-1,Tua Tagovailoa,QB,Alabama,217.0,,,,,,
6850,2020,2020.0,Indianapolis Colts,2.0,41.0,TaylJo02,jonathan-taylor-1,Jonathan Taylor,RB,Wisconsin,226.0,4.39,17.0,36.0,123.0,7.01,4.24
6860,2020,2020.0,New Orleans Saints,3.0,105.0,TrauAd00,,Adam Trautman,TE,Dayton,255.0,4.8,18.0,34.5,114.0,6.78,4.27
6864,2020,2020.0,Tampa Bay Buccaneers,3.0,76.0,VaugKe00,keshawn-vaughn-1,Ke'Shawn Vaughn,RB,Vanderbilt,214.0,4.51,,32.0,117.0,,
6872,2020,2020.0,Philadelphia Eagles,6.0,200.0,WatkQu00,quez-watkins-1,Quez Watkins,WR,Southern Miss,185.0,4.35,,36.5,125.0,7.28,4.36
6886,2020,2020.0,San Francisco 49ers,6.0,190.0,WoerCh00,charlie-woerner-1,Charlie Woerner,TE,Georgia,244.0,4.78,21.0,34.5,120.0,7.18,4.46
6901,2021,2021.0,Los Angeles Rams,2.0,57.0,AtweTu00,chatarius-atwell-1,Tutu Atwell,WR,Louisville,155.0,4.42,,33.0,117.0,6.89,4.14
6910,2021,2021.0,Baltimore Ravens,1.0,27.0,BateRa00,rashod-bateman-1,Rashod Bateman,WR,Minnesota,190.0,4.39,,36.0,123.0,,
6921,2021,2021.0,New Orleans Saints,4.0,133.0,BookIa00,ian-book-1,Ian Book,QB,Notre Dame,211.0,4.65,,32.5,115.0,6.99,4.19
6929,2021,2021.0,New York Giants,6.0,196.0,BrigGa00,gary-brightwell-1,Gary Brightwell,RB,Arizona,218.0,4.62,17.0,34.5,118.0,7.51,4.48
6936,2021,2021.0,Washington Football Team,3.0,82.0,BrowDy00,dyami-brown-1,Dyami Brown,WR,North Carolina,189.0,4.46,18.0,35.0,128.0,6.87,4.35
6939,2021,2021.0,Detroit Lions,4.0,112.0,StxxAm00,amon-ra-st-brown-1,Amon-Ra St. Brown,WR,USC,197.0,4.51,20.0,38.5,127.0,6.88,4.17
6955,2021,2021.0,New York Jets,4.0,107.0,CartMi03,michael-carter-5,Michael Carter,RB,North Carolina,201.0,4.5,16.0,34.0,119.0,6.81,3.98
6957,2021,2021.0,Cincinnati Bengals,1.0,5.0,ChasJa00,jamarr-chase-1,Ja'Marr Chase,WR,LSU,201.0,4.34,,41.0,132.0,6.96,3.99
6965,2021,2021.0,Houston Texans,3.0,89.0,CollNi00,nico-collins-1,Nico Collins,WR,Michigan,215.0,4.43,14.0,37.5,125.0,6.78,4.29
6982,2021,2021.0,Atlanta Falcons,6.0,187.0,DarbFr00,frank-darby-1,Frank Darby,WR,Arizona St.,201.0,4.56,19.0,34.5,117.0,7.05,4.25
6983,2021,2021.0,Tampa Bay Buccaneers,4.0,129.0,DardJa00,jaelon-darden-1,Jaelon Darden,WR,North Texas,174.0,4.47,,35.5,122.0,6.66,3.98
7004,2021,2021.0,Indianapolis Colts,6.0,218.0,EhliSa00,sam-ehlinger-1,Sam Ehlinger,QB,Texas,220.0,4.84,,36.5,114.0,7.15,4.44
7007,2021,2021.0,Seattle Seahawks,2.0,56.0,EskrDW00,dwayne-eskridge-1,D'Wayne Eskridge,WR,West. Michigan,190.0,4.38,,35.0,124.0,6.93,4.22
7009,2021,2021.0,Jacksonville Jaguars,1.0,25.0,EtieTr00,travis-etienne-1,Travis Etienne,RB,Clemson,215.0,4.45,18.0,33.5,128.0,,
7010,2021,2021.0,Cincinnati Bengals,6.0,202.0,EvanCh02,chris-evans-2,Chris Evans,RB,Michigan,211.0,4.5,20.0,40.5,127.0,6.83,4.12
7014,2021,2021.0,Jacksonville Jaguars,5.0,145.0,FarrLu00,luke-farrell-1,Luke Farrell,TE,Ohio St.,251.0,4.79,22.0,36.5,118.0,7.14,4.36
7015,2021,2021.0,Dallas Cowboys,5.0,179.0,FehoSi00,simi-fehoko-1,Simi Fehoko,WR,Stanford,222.0,4.44,16.0,34.5,120.0,6.78,4.26
7016,2021,2021.0,Cleveland Browns,6.0,211.0,FeltDe00,demetric-felton-1,Demetric Felton,RB,UCLA,189.0,4.55,,,,,
7018,2021,2021.0,Chicago Bears,1.0,11.0,FielJu00,justin-fields-2,Justin Fields,QB,Ohio St.,227.0,4.45,,,,,
7021,2021,2021.0,Tennessee Titans,4.0,109.0,FitzDe00,dez-fitzpatrick-1,Dez Fitzpatrick,WR,Louisville,208.0,4.43,,35.0,,7.09,4.26
7028,2021,2021.0,Pittsburgh Steelers,2.0,55.0,FreiPa00,pat-freiermuth-1,Pat Freiermuth,TE,Penn St.,251.0,,26.0,,,,
7030,2021,2021.0,Los Angeles Rams,7.0,233.0,FunkJa00,jake-funk-1,Jake Funk,RB,Maryland,204.0,4.49,22.0,38.0,122.0,6.71,4.12
7031,2021,2021.0,Philadelphia Eagles,5.0,150.0,GainKe00,kenny-gainwell-1,Kenneth Gainwell,RB,Memphis,201.0,4.42,21.0,,,,
7040,2021,2021.0,Kansas City Chiefs,5.0,162.0,GrayNo00,noah-gray-1,Noah Gray,TE,Duke,240.0,4.55,15.0,35.0,115.0,6.83,4.37
7064,2021,2021.0,Chicago Bears,6.0,217.0,HerbKh00,khalil-herbert-1,Khalil Herbert,RB,Virginia Tech,210.0,4.46,22.0,33.0,115.0,6.96,4.31
7067,2021,2021.0,Green Bay Packers,7.0,256.0,HillKy00,kylin-hill-1,Kylin Hill,RB,Mississippi St.,214.0,4.51,22.0,36.0,122.0,7.13,4.35
7075,2021,2021.0,Carolina Panthers,4.0,126.0,HubbCh01,chuba-hubbard-1,Chuba Hubbard,RB,Oklahoma St.,210.0,4.48,20.0,36.0,120.0,7.24,4.26
7091,2021,2021.0,Detroit Lions,7.0,257.0,JeffJe00,jermar-jefferson-1,Jermar Jefferson,RB,Oregon St.,206.0,4.57,13.0,31.0,115.0,7.38,4.38
7104,2021,2021.0,New England Patriots,1.0,15.0,JoneMa05,mac-jones-1,Mac Jones,QB,Alabama,217.0,4.72,,32.0,116.0,7.04,4.39
7108,2021,2021.0,Houston Texans,5.0,147.0,JordBr00,brevin-jordan-1,Brevin Jordan,TE,Miami (FL),247.0,4.64,17.0,31.0,116.0,,
7126,2021,2021.0,San Francisco 49ers,1.0,3.0,LancTr00,trey-lance-1,Trey Lance,QB,North Dakota St.,224.0,,,,,,
7129,2021,2021.0,Jacksonville Jaguars,1.0,1.0,LawrTr00,trevor-lawrence-1,Trevor Lawrence,QB,Clemson,213.0,,,,,,
7150,2021,2021.0,Los Angeles Chargers,3.0,97.0,McKiTr00,tre-mckitty-1,Tre' McKitty,TE,Georgia,247.0,,,,,,
7153,2021,2021.0,Tennessee Titans,6.0,205.0,McMaRa00,racey-mcmath-1,Racey McMath,WR,LSU,217.0,4.36,,34.0,124.0,7.38,4.38
7163,2021,2021.0,Houston Texans,3.0,67.0,MillDa02,davis-mills-1,Davis Mills,QB,Stanford,217.0,4.82,,32.0,110.0,6.95,4.4
7165,2021,2021.0,Washington Football Team,7.0,258.0,MilnDa00,dax-milne-1,Dax Milne,WR,BYU,,4.54,14.0,31.0,114.0,,4.19
7167,2021,2021.0,San Francisco 49ers,6.0,194.0,MitcEl00,elijah-mitchell-2,Elijah Mitchell,RB,Louisiana,201.0,4.38,17.0,37.5,128.0,6.94,4.19
7173,2021,2021.0,New York Jets,2.0,34.0,MoorEl00,elijah-moore-1,Elijah Moore,WR,Mississippi,,4.35,17.0,36.0,121.0,6.63,4.07
7174,2021,2021.0,Arizona Cardinals,2.0,49.0,MoorRo02,rondale-moore-1,Rondale Moore,WR,Purdue,180.0,4.28,,42.5,,6.65,4.06
7186,2021,2021.0,Chicago Bears,6.0,221.0,NewsDa00,dazz-newsome-1,Dazz Newsome,WR,North Carolina,190.0,4.59,12.0,34.0,121.0,7.38,4.38
7190,2021,2021.0,New England Patriots,7.0,242.0,NixoTr01,tre-nixon-1,Tre Nixon,WR,Central Florida,187.0,4.44,18.0,35.5,125.0,6.81,4.27
7216,2021,2021.0,Atlanta Falcons,1.0,4.0,PittKy00,kyle-pitts-1,Kyle Pitts,TE,Florida,245.0,4.44,22.0,33.5,129.0,7.12,4.3
7219,2021,2021.0,Kansas City Chiefs,5.0,181.0,PoweCo00,cornell-powell-1,Cornell Powell,WR,Clemson,204.0,4.53,16.0,36.5,128.0,7.03,4.21
7232,2021,2021.0,Green Bay Packers,3.0,85.0,RodgAm00,amari-rodgers-1,Amari Rodgers,WR,Clemson,212.0,4.52,19.0,33.0,121.0,7.07,4.31
7235,2021,2021.0,Los Angeles Chargers,6.0,198.0,RounLa00,larry-rountree-iii-1,Larry Rountree,RB,Missouri,,4.62,,30.0,,6.96,
7246,2021,2021.0,Cleveland Browns,3.0,91.0,SchwAn00,anthony-schwartz-1,Anthony Schwartz,WR,Auburn,186.0,4.27,,32.0,123.0,7.13,4.25
7249,2021,2021.0,San Francisco 49ers,3.0,88.0,SermTr00,trey-sermon-1,Trey Sermon,RB,Ohio St.,215.0,4.57,,37.0,125.0,6.83,4.28
7268,2021,2021.0,Minnesota Vikings,5.0,157.0,SmitIh00,ihmir-smith-marsette-1,Ihmir Smith-Marsette,WR,Iowa,181.0,4.43,,37.0,124.0,7.0,4.2
7272,2021,2021.0,Buffalo Bills,6.0,203.0,StevMa00,marquez-stevenson-1,Marquez Stevenson,WR,Houston,180.0,4.48,,33.0,122.0,6.76,4.14
7273,2021,2021.0,New England Patriots,4.0,120.0,StevRh00,rhamondre-stevenson-1,Rhamondre Stevenson,RB,Oklahoma,231.0,4.64,15.0,31.5,112.0,7.09,4.15
7298,2021,2021.0,New York Giants,1.0,20.0,ToneKa00,kadarius-toney-1,Kadarius Toney,WR,Florida,193.0,4.39,9.0,39.5,136.0,6.88,4.25
7301,2021,2021.0,Tampa Bay Buccaneers,2.0,64.0,TrasKy00,kyle-trask-1,Kyle Trask,QB,Florida,236.0,5.1,,31.5,113.0,7.08,4.6
7302,2021,2021.0,Carolina Panthers,3.0,83.0,TremTo00,tommy-tremble-1,Tommy Tremble,TE,Notre Dame,241.0,4.6,20.0,36.5,122.0,,
7320,2021,2021.0,Baltimore Ravens,4.0,131.0,WallTy00,tylan-wallace-1,Tylan Wallace,WR,Oklahoma St.,194.0,4.48,11.0,33.0,112.0,6.97,4.25
7341,2021,2021.0,Denver Broncos,2.0,35.0,WillJa10,javonte-williams-1,Javonte Williams,RB,North Carolina,212.0,4.55,22.0,36.0,123.0,6.97,4.09
7346,2021,2021.0,Denver Broncos,6.0,219.0,WillSe00,seth-williams-1,Seth Williams,WR,Auburn,211.0,4.49,12.0,37.0,124.0,7.2,4.43
7350,2021,2021.0,New York Jets,1.0,2.0,WilsZa00,zach-wilson-3,Zach Wilson,QB,BYU,214.0,,,,,,
7360,2022,2022.0,Atlanta Falcons,5.0,151.0,AllgTy00,tyler-allgeier-1,Tyler Allgeier,RB,BYU,224.0,4.6,,33.0,120.0,,
7367,2022,2022.0,Pittsburgh Steelers,4.0,138.0,AustCa00,calvin-austin-iii-1,Calvin Austin,WR,Memphis,170.0,4.32,,39.0,135.0,6.65,4.07
7368,2022,2022.0,Baltimore Ravens,6.0,196.0,BadiTy00,tyler-badie-1,Tyler Badie,RB,Missouri,197.0,4.45,,33.5,121.0,,
7373,2022,2022.0,Cleveland Browns,3.0,99.0,BellDa02,david-bell-6,David Bell,WR,Purdue,212.0,4.65,,33.0,118.0,7.14,4.57
7375,2022,2022.0,New York Giants,4.0,112.0,BellDa00,daniel-bellinger-1,Daniel Bellinger,TE,San Diego St.,253.0,4.63,22.0,34.5,125.0,7.05,4.47
7393,2022,2022.0,Tennessee Titans,1.0,18.0,BurkTr00,treylon-burks-1,Treylon Burks,WR,Arkansas,225.0,4.55,,33.0,122.0,7.28,
7397,2022,2022.0,Philadelphia Eagles,6.0,198.0,CalcGr00,grant-calcaterra-1,Grant Calcaterra,TE,SMU,241.0,4.62,20.0,,,,
7403,2022,2022.0,Minnesota Vikings,5.0,169.0,ChanTy01,ty-chandler-1,Tykevious Chandler,RB,North Carolina,204.0,4.38,,31.0,121.0,,
7410,2022,2022.0,Jacksonville Jaguars,5.0,154.0,ConnSn00,snoop-conner-1,Snoop Conner,RB,Mississippi,222.0,4.59,25.0,29.5,118.0,,
7412,2022,2022.0,Buffalo Bills,2.0,63.0,CookJa01,james-cook-2,James Cook,RB,Georgia,199.0,4.42,,33.0,124.0,,
7415,2022,2022.0,Carolina Panthers,3.0,94.0,CorrMa00,matt-corral-1,Matt Corral,QB,Mississippi,212.0,,,,,,
7423,2022,2022.0,San Francisco 49ers,3.0,93.0,DaviTy03,tyrion-davis-price-1,Tyrion Davis-Price,RB,LSU,211.0,4.48,,30.0,117.0,,
7431,2022,2022.0,Washington Commanders,1.0,16.0,DotsJa00,jahan-dotson-1,Jahan Dotson,WR,Penn St.,178.0,4.43,,36.0,121.0,7.28,
7432,2022,2022.0,Green Bay Packers,4.0,132.0,DoubRo00,romeo-doubs-1,Romeo Doubs,WR,Nevada,201.0,,,,,,
7434,2022,2022.0,Denver Broncos,3.0,80.0,DulcGr00,greg-dulcich-1,Greg Dulcich,TE,UCLA,243.0,4.69,16.0,34.0,122.0,7.05,4.37
7439,2022,2022.0,Chicago Bears,6.0,203.0,EbneTr00,trestan-ebner-1,Trestan Ebner,RB,Baylor,206.0,4.43,,30.0,,,
7449,2022,2022.0,Miami Dolphins,4.0,125.0,EzukEr00,erik-ezukanma-1,Erik Ezukanma,WR,Texas Tech,209.0,,,36.5,126.0,,4.38
7452,2022,2022.0,Dallas Cowboys,4.0,129.0,FergJa00,jake-ferguson-1,Jake Ferguson,TE,Wisconsin,250.0,4.81,15.0,31.5,118.0,7.03,4.48
7455,2022,2022.0,Cleveland Browns,5.0,156.0,FordJe00,jerome-ford-1,Jerome Ford,RB,Cincinnati,210.0,4.46,,31.0,118.0,,
7468,2022,2022.0,San Francisco 49ers,3.0,105.0,GrayDa02,danny-gray-1,Danny Gray,WR,SMU,186.0,4.33,,34.0,126.0,,
7472,2022,2022.0,New York Jets,2.0,36.0,HallBr03,breece-hall-1,Breece Hall,RB,Iowa St.,217.0,4.39,,40.0,126.0,,
7479,2022,2022.0,New England Patriots,6.0,183.0,HarrKe01,kevin-harris-5,Kevin Harris,RB,South Carolina,221.0,,21.0,38.5,126.0,,
7481,2022,2022.0,Tennessee Titans,4.0,131.0,HaskHa00,hassan-haskins-1,Hassan Haskins,RB,Michigan,228.0,,27.0,,,,
7485,2022,2022.0,Pittsburgh Steelers,6.0,208.0,HeywCo00,connor-heyward-1,Connor Heyward,TE,Michigan St.,233.0,4.72,,32.5,,,
7490,2022,2022.0,Washington Commanders,5.0,144.0,HoweSa00,sam-howell-1,Sam Howell,QB,North Carolina,218.0,,,,,,
7496,2022,2022.0,Arizona Cardinals,6.0,201.0,IngrKe01,keaontay-ingram-1,Keaontay Ingram,RB,USC,221.0,4.53,,34.5,122.0,,
7508,2022,2022.0,Chicago Bears,3.0,71.0,JoneVe00,velus-jones-jr-1,Velus Jones,WR,Tennessee,204.0,4.31,,33.0,121.0,,
7519,2022,2022.0,Baltimore Ravens,4.0,128.0,KolaCh00,charlie-kolar-1,Charlie Kolar,TE,Iowa St.,252.0,,,,,,
7523,2022,2022.0,Baltimore Ravens,4.0,139.0,LikeIs00,isaiah-likely-1,Isaiah Likely,TE,Coastal Carolina,245.0,,,36.0,,,4.57
7527,2022,2022.0,Atlanta Falcons,1.0,8.0,LondDr00,drake-london-1,Drake London,WR,USC,219.0,,,,,,
7537,2022,2022.0,Arizona Cardinals,2.0,55.0,McBrTr01,trey-mcbride-1,Trey McBride,TE,Colorado St.,246.0,,18.0,33.0,117.0,,
7546,2022,2022.0,Seattle Seahawks,7.0,229.0,MeltBo00,bo-melton-1,Bo Melton,WR,Rutgers,189.0,4.34,,38.0,121.0,6.98,
7547,2022,2022.0,Houston Texans,2.0,44.0,MetcJo00,john-metchie-1,John Metchie,WR,Alabama,187.0,,,,,,
7548,2022,2022.0,Detroit Lions,5.0,177.0,MitcJa00,james-mitchell-2,James Mitchell,TE,Virginia Tech,249.0,,,,,,
7552,2022,2022.0,Kansas City Chiefs,2.0,54.0,MoorSk01,skyy-moore-1,Skyy Moore,WR,Western Michigan,195.0,4.41,,34.5,125.0,7.13,4.32
7555,2022,2022.0,Minnesota Vikings,6.0,191.0,NailJa00,jalen-nailor-1,Jalen Nailor,WR,Michigan St.,186.0,4.5,,38.0,128.0,7.03,4.28
7560,2022,2022.0,Tennessee Titans,4.0,143.0,OkonCh00,chigoziem-okonkwo-1,Chigoziem Okonkwo,TE,Maryland,238.0,4.52,,35.5,,,
7561,2022,2022.0,New Orleans Saints,1.0,11.0,OlavCh00,chris-olave-1,Chris Olave,WR,Ohio St.,187.0,4.39,,32.0,124.0,,
7563,2022,2022.0,Tampa Bay Buccaneers,4.0,106.0,OttoCa00,cade-otton-1,Cade Otton,TE,Washington,247.0,,,,,,
7564,2022,2022.0,Kansas City Chiefs,7.0,251.0,PachIs00,isaih-pacheco-1,Isiah Pacheco,RB,Rutgers,216.0,4.37,,33.0,118.0,,
7572,2022,2022.0,Tennessee Titans,5.0,163.0,PhilKy01,kyle-philips-4,Kyle Philips,WR,UCLA,189.0,4.58,,33.5,124.0,,
7573,2022,2022.0,Pittsburgh Steelers,2.0,52.0,PickGe00,george-pickens-1,George Pickens,WR,Georgia,195.0,4.47,,33.0,125.0,,
7574,2022,2022.0,Pittsburgh Steelers,1.0,20.0,PickKe00,kenny-pickett-1,Kenny Pickett,QB,Pittsburgh,217.0,4.73,,33.5,121.0,,4.29
7575,2022,2022.0,Indianapolis Colts,2.0,53.0,PierAl00,alec-pierce-2,Alec Pierce,WR,Cincinnati,211.0,4.41,,40.5,129.0,7.13,4.28
7576,2022,2022.0,Houston Texans,4.0,107.0,PierDa01,dameon-pierce-1,Dameon Pierce,RB,Florida,218.0,4.59,21.0,34.5,119.0,,
7580,2022,2022.0,San Francisco 49ers,7.0,262.0,PurdBr00,brock-purdy-1,Brock Purdy,QB,Iowa St.,212.0,4.84,,27.0,,7.21,4.45
7581,2022,2022.0,Houston Texans,5.0,170.0,QuitTe00,teagan-quitoriano-1,Teagan Quitoriano,TE,Oregon St.,258.0,,22.0,,,,
7586,2022,2022.0,Atlanta Falcons,3.0,74.0,RiddDe00,desmond-ridder-1,Desmond Ridder,QB,Cincinnati,211.0,4.52,,36.0,127.0,7.15,4.29
7589,2022,2022.0,Washington Commanders,3.0,98.0,RobiBr01,brian-robinson-jr-1,Brian Robinson,RB,Alabama,225.0,4.53,,30.0,119.0,,
7592,2022,2022.0,New York Giants,2.0,43.0,RobiWa01,wandale-robinson-1,Wan'Dale Robinson,WR,Kentucky,178.0,4.44,,34.5,118.0,,
7598,2022,2022.0,New York Jets,3.0,101.0,RuckJe00,jeremy-ruckert-1,Jeremy Ruckert,TE,Ohio St.,250.0,,19.0,,,,
7606,2022,2022.0,Buffalo Bills,5.0,148.0,ShakKh00,khalil-shakir-1,Khalil Shakir,WR,Boise St.,196.0,4.43,,34.5,124.0,7.28,4.21
7613,2022,2022.0,Los Angeles Chargers,4.0,123.0,SpilIs00,isaiah-spiller-1,Isaiah Spiller,RB,Texas A&M,217.0,,,30.0,114.0,,
7619,2022,2022.0,New England Patriots,4.0,127.0,StroPi00,,Pierre Strong,RB,South Dakota St.,207.0,4.37,,36.0,124.0,,
7632,2022,2022.0,Miami Dolphins,7.0,247.0,ThomSk00,skylar-thompson-1,Skylar Thompson,QB,Kansas St.,217.0,4.91,,31.0,112.0,7.0,4.28
7633,2022,2022.0,New England Patriots,2.0,50.0,ThorTy00,tyquan-thornton-1,Tyquan Thornton,WR,Baylor,181.0,4.28,,36.5,130.0,,
7635,2022,2022.0,Dallas Cowboys,3.0,88.0,TolbJa00,jalen-tolbert-1,Jalen Tolbert,WR,South Alabama,194.0,4.49,,36.0,123.0,7.08,
7637,2022,2022.0,Washington Commanders,5.0,149.0,TurnCo00,cole-turner-2,Cole Turner,TE,Nevada,246.0,4.76,17.0,27.0,120.0,7.06,4.41
7644,2022,2022.0,Seattle Seahawks,2.0,41.0,WalkKe00,kenneth-walker-iii-1,Kenneth Walker,RB,Michigan St.,211.0,4.38,,34.0,122.0,,
7650,2022,2022.0,Green Bay Packers,2.0,34.0,WatsCh00,,Christian Watson,WR,North Dakota St.,208.0,4.36,,38.5,136.0,,
7656,2022,2022.0,Tampa Bay Buccaneers,3.0,91.0,WhitRa01,rachaad-white-1,Rachaad White,RB,Arizona St.,214.0,4.48,,38.0,125.0,,
7658,2022,2022.0,Las Vegas Raiders,4.0,122.0,WhitZa01,zamir-white-1,Zamir White,RB,Georgia,214.0,4.4,,33.5,128.0,,
7662,2022,2022.0,Detroit Lions,1.0,12.0,WillJa11,jameson-williams-1,Jameson Williams,WR,Alabama,179.0,,,,,,
7664,2022,2022.0,Los Angeles Rams,5.0,164.0,WillKy02,kyren-williams-1,Kyren Williams,RB,Notre Dame,194.0,4.65,,32.0,116.0,,
7666,2022,2022.0,Tennessee Titans,3.0,86.0,WillMa12,malik-willis-1,Malik Willis,QB,Liberty,219.0,,,,,,
7667,2022,2022.0,New York Jets,1.0,10.0,WilsGa00,garrett-wilson-2,Garrett Wilson,WR,Ohio St.,183.0,4.38,,36.0,123.0,,4.36
7669,2022,2022.0,Indianapolis Colts,3.0,73.0,WoodJe01,jelani-woods-1,Jelani Woods,TE,Virginia,259.0,4.61,24.0,,,,
7671,2022,2022.0,Cleveland Browns,6.0,202.0,WoodMi00,mike-woods-3,Mike Woods,WR,Oklahoma,204.0,4.55,,34.5,125.0,,
7679,2022,2022.0,New England Patriots,4.0,137.0,ZappBa00,bailey-zappe-1,Bailey Zappe,QB,Western Kentucky,215.0,4.88,,30.0,109.0,7.19,4.4
7680,2023,2023.0,New York Jets,5.0,143.0,AbanIs00,israel-abanikanda-1,Israel Abanikanda,RB,Pittsburgh,216.0,,,,,,
7682,2023,2023.0,Miami Dolphins,3.0,84.0,AchaDe00,devon-achane-1,Devon Achane,RB,Texas A&M,188.0,4.32,,33.0,,,
7683,2023,2023.0,Minnesota Vikings,1.0,23.0,AddiJo00,jordan-addison-1,Jordan Addison,WR,USC,173.0,4.49,,34.0,122.0,,
7686,2023,2023.0,Los Angeles Rams,5.0,175.0,AlleDa02,davis-allen-1,Davis Allen,TE,Clemson,245.0,,,38.5,125.0,,
7703,2023,2023.0,San Francisco 49ers,7.0,253.0,BellRo01,ronnie-bell-3,Ronnie Bell,WR,Michigan,191.0,4.54,14.0,38.5,120.0,6.98,4.15
7705,2023,2023.0,Los Angeles Rams,4.0,128.0,BennSt00,stetson-bennett-1,Stetson Bennett,QB,Georgia,192.0,4.67,,33.5,118.0,,4.2
7708,2023,2023.0,Jacksonville Jaguars,3.0,88.0,BigsTa00,tank-bigsby-1,Tank Bigsby,RB,Auburn,210.0,4.56,,32.5,119.0,,
7711,2023,2023.0,New England Patriots,6.0,187.0,BoutKa00,kayshon-boutte-1,Kayshon Boutte,WR,LSU,195.0,4.5,,29.0,118.0,,4.25
7719,2023,2023.0,Dallas Cowboys,7.0,244.0,BrooJa03,jalen-brooks-2,Jalen Brooks,WR,South Carolina,201.0,4.69,,35.0,130.0,7.15,4.31
7722,2023,2023.0,Cincinnati Bengals,5.0,163.0,BrowCh10,chase-brown-3,Chase Brown,RB,Illinois,209.0,4.43,,40.0,127.0,,
7730,2023,2023.0,Seattle Seahawks,2.0,52.0,CharZa00,zach-charbonnet-1,Zach Charbonnet,RB,UCLA,214.0,4.53,,37.0,122.0,,
7741,2023,2023.0,Los Angeles Chargers,4.0,125.0,DaviDe02,derius-davis-1,Derius Davis,WR,TCU,165.0,4.36,,,,,4.38
7742,2023,2023.0,Houston Texans,3.0,69.0,DellNa00,nathaniel-dell-1,Nathaniel Dell,WR,Houston,165.0,4.49,,,121.0,,
7747,2023,2023.0,Indianapolis Colts,3.0,79.0,DownJo00,josh-downs-2,Josh Downs,WR,North Carolina,171.0,4.48,,38.5,131.0,,
7749,2023,2023.0,Los Angeles Chargers,7.0,239.0,DuggMa00,max-duggan-1,Max Duggan,QB,TCU,207.0,4.52,,30.5,116.0,7.26,4.45
7752,2023,2023.0,Tampa Bay Buccaneers,5.0,171.0,DurhPa00,payne-durham-1,Payne Durham,TE,Purdue,253.0,,,34.5,117.0,,
7756,2023,2023.0,Los Angeles Rams,6.0,215.0,EvanZa00,zach-evans-1,Zach Evans,RB,Mississippi,202.0,,,,,,
7757,2023,2023.0,Baltimore Ravens,1.0,22.0,FlowZa00,zay-flowers-1,Zay Flowers,WR,Boston Col.,182.0,4.42,,35.5,127.0,,
7767,2023,2023.0,Detroit Lions,1.0,12.0,GibbJa01,jahmyr-gibbs-1,Jahmyr Gibbs,RB,Alabama,199.0,4.36,,33.5,,,
7772,2023,2023.0,New York Giants,5.0,172.0,GrayEr01,eric-gray-2,Eric Gray,RB,Oklahoma,207.0,,,37.5,118.0,,
7773,2023,2023.0,Detroit Lions,7.0,219.0,GreeAn00,antoine-green-1,Antoine Green,WR,North Carolina,199.0,4.47,,33.5,123.0,6.99,4.27
7775,2023,2023.0,New Orleans Saints,4.0,127.0,HaenJa00,jake-haener-1,Jake Haener,QB,Fresno St.,207.0,,,35.0,114.0,7.01,
7777,2023,2023.0,Minnesota Vikings,5.0,164.0,HallJa00,jaren-hall-1,Jaren Hall,QB,BYU,207.0,,,,,,
7790,2023,2023.0,Miami Dolphins,6.0,197.0,HiggEl00,elijah-higgins-1,Elijah Higgins,WR,Stanford,235.0,4.54,,35.0,126.0,7.01,
7793,2023,2023.0,Detroit Lions,3.0,68.0,HookHe00,hendon-hooker-1,Hendon Hooker,QB,Tennessee,217.0,,,,,,
7797,2023,2023.0,Houston Texans,6.0,205.0,HutcXa00,xavier-hutchinson-1,Xavier Hutchinson,WR,Iowa St.,203.0,4.53,,36.0,116.0,6.91,4.35
7798,2023,2023.0,New York Giants,3.0,73.0,HyatJa00,jalin-hyatt-1,Jalin Hyatt,WR,Tennessee,176.0,4.4,,40.0,135.0,,
7818,2023,2023.0,Chicago Bears,4.0,115.0,JohnRo07,roschon-johnson-1,Roschon Johnson,RB,Texas,219.0,4.58,,31.5,122.0,,
7819,2023,2023.0,Los Angeles Chargers,1.0,21.0,JohnQu02,quentin-johnston-1,Quentin Johnston,WR,TCU,208.0,,,40.5,134.0,,
7822,2023,2023.0,Cincinnati Bengals,4.0,131.0,JoneCh11,charlie-jones-7,Charlie Jones,WR,Purdue,175.0,4.43,13.0,36.5,124.0,,
7842,2023,2023.0,Buffalo Bills,1.0,25.0,KincDa00,dalton-kincaid-1,Dalton Kincaid,TE,Utah,246.0,,,,,,
7852,2023,2023.0,Detroit Lions,2.0,34.0,LaPoSa01,sam-laporta-1,Sam LaPorta,TE,Iowa,245.0,,,35.0,123.0,6.91,4.25
7853,2023,2023.0,San Francisco 49ers,3.0,101.0,LatuCa01,cameron-latu-1,Cameron Latu,TE,Alabama,242.0,,,,,,
7855,2023,2023.0,Tennessee Titans,2.0,33.0,LeviWi00,will-levis-1,Will Levis,QB,Kentucky,229.0,,,34.0,124.0,,
7857,2023,2023.0,Indianapolis Colts,5.0,162.0,MallWi00,will-mallory-1,Will Mallory,TE,Miami,239.0,,20.0,36.5,121.0,,
7862,2023,2023.0,Las Vegas Raiders,2.0,35.0,MayeMi00,michael-mayer-1,Michael Mayer,TE,Notre Dame,249.0,,,32.5,118.0,,
7867,2023,2023.0,Seattle Seahawks,7.0,237.0,McInKe00,kenny-mcintosh-1,Kenny McIntosh,RB,Georgia,204.0,4.62,,,,,
7868,2023,2023.0,Philadelphia Eagles,6.0,188.0,McKeTa01,tanner-mckee-1,Tanner McKee,QB,Stanford,231.0,,,33.0,114.0,7.22,4.41
7870,2023,2023.0,New Orleans Saints,3.0,71.0,MillKe01,kendre-miller-1,Kendre Miller,RB,TCU,215.0,,,,,,
7872,2023,2023.0,Denver Broncos,2.0,63.0,MimsMa00,marvin-mims-1,Marvin Mims,WR,Oklahoma,183.0,4.38,,39.5,129.0,6.9,
7873,2023,2023.0,Carolina Panthers,2.0,39.0,MingJo00,jonathan-mingo-1,Jonathan Mingo,WR,Mississippi,220.0,4.46,22.0,39.5,129.0,,
7884,2023,2023.0,Green Bay Packers,2.0,42.0,MusgLu00,luke-musgrave-1,Luke Musgrave,TE,Oregon St.,253.0,,,36.0,125.0,,
7886,2023,2023.0,Los Angeles Rams,5.0,177.0,NacuPu00,puka-nacua-1,Puka Nacua,WR,BYU,201.0,,,,,,
7889,2023,2023.0,Las Vegas Raiders,4.0,135.0,OConAi00,aidan-oconnell-1,Aidan O'Connell,QB,Purdue,213.0,,,,,,
7897,2023,2023.0,Tampa Bay Buccaneers,6.0,191.0,PalmTr00,trey-palmer-1,Trey Palmer,WR,Nebraska,192.0,4.33,,,,,
7902,2023,2023.0,New Orleans Saints,6.0,195.0,PerrAT00,at-perry-1,A.T. Perry,WR,Wake Forest,198.0,4.47,,35.0,133.0,,
7910,2023,2023.0,Green Bay Packers,2.0,50.0,ReedJa03,jayden-reed-1,Jayden Reed,WR,Michigan St.,187.0,4.45,,33.5,121.0,,4.29
7911,2023,2023.0,Kansas City Chiefs,2.0,55.0,RiceRa01,rashee-rice-1,Rashee Rice,WR,SMU,204.0,4.51,,41.0,128.0,,
7913,2023,2023.0,Indianapolis Colts,1.0,4.0,RichAn03,anthony-richardson-2,Anthony Richardson,QB,Florida,244.0,4.43,,40.5,129.0,,
7918,2023,2023.0,Atlanta Falcons,1.0,8.0,RobiBi01,bijan-robinson-1,Bijan Robinson,RB,Texas,215.0,4.46,,37.0,124.0,,
7926,2023,2023.0,Dallas Cowboys,2.0,58.0,SchoLu00,luke-schoonmaker-1,Luke Schoonmaker,TE,Michigan,251.0,,,33.5,127.0,,4.27
7928,2023,2023.0,Chicago Bears,4.0,133.0,ScotTy00,tyler-scott-3,Tyler Scott,WR,Cincinnati,177.0,4.44,,39.5,133.0,,
7931,2023,2023.0,Buffalo Bills,5.0,150.0,ShorJu00,justin-shorter-1,Justin Shorter,WR,Florida,229.0,4.55,18.0,35.5,126.0,,
7941,2023,2023.0,Seattle Seahawks,1.0,20.0,SmitJa06,jaxon-smith-njigba-1,Jaxon Smith-Njigba,WR,Ohio St.,196.0,,,35.0,125.0,6.57,3.93
7943,2023,2023.0,Tennessee Titans,3.0,81.0,SpeaTy00,tyjae-spears-1,Tyjae Spears,RB,Tulane,201.0,,,39.0,125.0,,
7947,2023,2023.0,Jacksonville Jaguars,2.0,61.0,StraBr00,brenton-strange-1,Brenton Strange,TE,Penn St.,253.0,,23.0,36.0,124.0,7.25,4.46
7949,2023,2023.0,Houston Texans,1.0,2.0,StroCJ00,cj-stroud-1,C.J. Stroud,QB,Ohio St.,214.0,,,,,,
7955,2023,2023.0,Cleveland Browns,5.0,140.0,ThomDo02,dorian-thompson-robinson-1,Dorian Thompson-Robinson,QB,UCLA,203.0,4.56,,32.5,121.0,7.28,4.44
7956,2023,2023.0,Cleveland Browns,3.0,74.0,TillCe01,cedric-tillman-1,Cedric Tillman,WR,Tennessee,213.0,4.54,,37.0,128.0,,
7963,2023,2023.0,Las Vegas Raiders,3.0,100.0,TuckTr00,tre-tucker-1,Tre Tucker,WR,Cincinnati,182.0,4.4,,37.5,124.0,,
7965,2023,2023.0,Arizona Cardinals,5.0,139.0,TuneCl00,clayton-tune-1,Clayton Tune,QB,Houston,220.0,4.64,,37.5,122.0,6.89,4.25
7969,2023,2023.0,Dallas Cowboys,6.0,212.0,VaugDe00,deuce-vaughn-1,Deuce Vaughn,RB,Kansas St.,179.0,,,35.5,116.0,,
7976,2023,2023.0,Pittsburgh Steelers,3.0,93.0,WashDa03,darnell-washington-1,Darnell Washington,TE,Georgia,264.0,,21.0,31.0,122.0,,4.08
7977,2023,2023.0,Jacksonville Jaguars,6.0,185.0,WashPa01,parker-washington-1,Parker Washington,WR,Penn St.,204.0,,16.0,,,,
7982,2023,2023.0,Tennessee Titans,5.0,147.0,WhylJo01,josh-whyle-1,Josh Whyle,TE,Cincinnati,248.0,,,33.5,115.0,,
7983,2023,2023.0,Green Bay Packers,5.0,159.0,WickDo00,dontayvion-wicks-1,Dontayvion Wicks,WR,Virginia,206.0,4.62,,39.0,130.0,,
7986,2023,2023.0,San Francisco 49ers,7.0,247.0,WillBr06,brayden-willis-1,Brayden Willis,TE,Oklahoma,241.0,,20.0,32.0,117.0,7.3,4.36
7987,2023,2023.0,Arizona Cardinals,3.0,94.0,WilsMi02,michael-wilson-3,Michael Wilson,WR,Stanford,213.0,4.58,23.0,37.5,125.0,,4.27
7995,2023,2023.0,Carolina Panthers,1.0,1.0,YounBr01,bryce-young-1,Bryce Young,QB,Alabama,204.0,,,,,,
8001,2024,2024.0,Baltimore Ravens,5.0,165.0,AlixRa00,rasheen-ali-1,Rasheen Ali,RB,Marshall,206.0,,,,,,
8002,2024,2024.0,Cincinnati Bengals,4.0,115.0,AllxEr00,erick-all-1,Erick All,TE,Iowa,252.0,,,,,,
8003,2024,2024.0,New York Jets,4.0,134.0,AlleBr05,braelon-allen-1,Braelon Allen,RB,Wisconsin,235.0,,26.0,32.0,117.0,,
8010,2024,2024.0,New England Patriots,4.0,110.0,BakeJa00,javon-baker-1,Javon Baker,WR,Central Florida,202.0,4.54,,37.0,121.0,,
8011,2024,2024.0,Seattle Seahawks,4.0,121.0,BarnAJ00,aj-barner-1,AJ Barner,TE,Michigan,251.0,,,,,,
8016,2024,2024.0,New England Patriots,7.0,231.0,BellJa00,jaheim-bell-1,Jaheim Bell,TE,Florida St.,241.0,4.61,,35.0,124.0,,
8017,2024,2024.0,Arizona Cardinals,3.0,66.0,BensTr01,trey-benson-2,Trey Benson,RB,Florida St.,216.0,4.39,,33.5,122.0,,
8024,2024,2024.0,Las Vegas Raiders,1.0,13.0,BoweBr01,brock-bowers-1,Brock Bowers,TE,Georgia,243.0,,,,,,
8028,2024,2024.0,Carolina Panthers,2.0,46.0,BrooJo02,jonathon-brooks-1,Jonathon Brooks,RB,Texas,216.0,,,,,,
8032,2024,2024.0,Cincinnati Bengals,3.0,80.0,BurtJe01,jermaine-burton-1,Jermaine Burton,WR,Alabama,196.0,4.45,,38.5,133.0,,
8045,2024,2024.0,Buffalo Bills,2.0,33.0,ColeKe02,keon-coleman-1,Keon Coleman,WR,Florida St.,213.0,4.61,,38.0,127.0,,
8049,2024,2024.0,New York Jets,3.0,65.0,CorlMa00,malachi-corley-1,Malachi Corley,WR,Western Kentucky,215.0,,,,,,
8050,2024,2024.0,Los Angeles Rams,3.0,83.0,CoruBl00,blake-corum-1,Blake Corum,RB,Michigan,205.0,4.53,27.0,35.5,,6.82,4.12
8051,2024,2024.0,San Francisco 49ers,4.0,135.0,CowiJa00,jacob-cowing-1,Jacob Cowing,WR,Arizona,168.0,4.38,,36.0,119.0,7.02,4.32
8054,2024,2024.0,Tampa Bay Buccaneers,7.0,246.0,CulpDe00,devin-culp-1,Devin Culp,TE,Washington,231.0,4.47,,,,,
8055,2024,2024.0,Washington Commanders,1.0,2.0,DaniJa02,jayden-daniels-1,Jayden Daniels,QB,LSU,210.0,,,,,,
8074,2024,2024.0,Denver Broncos,5.0,147.0,EstiAu00,audric-estime-1,Audric Estim,RB,Notre Dame,221.0,4.71,23.0,38.0,125.0,,
8084,2024,2024.0,Denver Broncos,4.0,102.0,FranTr00,troy-franklin-2,Troy Franklin,WR,Oregon,176.0,4.41,,39.0,124.0,6.9,4.31
8093,2024,2024.0,Indianapolis Colts,5.0,142.0,GoulAn00,anthony-gould-1,Anthony Gould,WR,Oregon St.,174.0,4.39,,39.5,129.0,,4.16
8099,2024,2024.0,San Francisco 49ers,4.0,129.0,GuerIs00,isaac-guerendo-1,Isaac Guerendo,RB,Louisville,221.0,4.33,,41.5,129.0,6.94,4.15
8109,2024,2024.0,Arizona Cardinals,1.0,4.0,HarrMa09,marvin-harrison-jr-1,Marvin Harrison,WR,Ohio St.,209.0,,,,,,
8121,2024,2024.0,Tampa Bay Buccaneers,4.0,125.0,IrviBu00,markeise-irving-1,Bucky Irving,RB,Oregon,192.0,4.55,,29.5,115.0,,
8124,2024,2024.0,Tennessee Titans,6.0,182.0,JackJh00,jhaquan-jackson-1,Jha'Quan Jackson,WR,Tulane,188.0,4.42,12.0,32.0,118.0,,
8136,2024,2024.0,Los Angeles Chargers,7.0,253.0,JohnCo02,cornelius-johnson-1,Cornelius Johnson,WR,Michigan,212.0,4.44,,37.5,127.0,,
8144,2024,2024.0,Houston Texans,6.0,205.0,JordJa00,jawhar-jordan-1,Jawhar Jordan,RB,Louisville,193.0,4.56,,,,,
8146,2024,2024.0,Atlanta Falcons,1.0,8.0,PeniMi00,michael-penix-jr-1,Michael Penix Jr.,QB,Washington,216.0,,,,,,
8148,2024,2024.0,New York Giants,5.0,166.0,TracTy00,tyrone-tracy-jr-1,Tyrone Tracy Jr.,RB,Purdue,209.0,4.48,,40.0,124.0,6.81,4.06
8166,2024,2024.0,Baltimore Ravens,6.0,218.0,LearDe00,devin-leary-1,Devin Leary,QB,Kentucky,215.0,,,,,,
8169,2024,2024.0,Carolina Panthers,1.0,32.0,LegeXa00,xavier-legette-1,Xavier Legette,WR,South Carolina,221.0,4.39,,40.0,126.0,,
8174,2024,2024.0,Green Bay Packers,3.0,88.0,LloyMa00,marshawn-lloyd-1,MarShawn Lloyd,RB,USC,220.0,4.46,25.0,36.0,118.0,,
8178,2024,2024.0,New England Patriots,1.0,3.0,MayeDr00,drake-maye-1,Drake Maye,QB,North Carolina,223.0,,,,,,
8179,2024,2024.0,Washington Commanders,3.0,100.0,McCaLu00,luke-mccaffrey-1,Luke McCaffrey,WR,Rice,198.0,4.46,,36.0,121.0,6.7,4.02
8180,2024,2024.0,Minnesota Vikings,1.0,10.0,McCaJJ00,jj-mccarthy-1,J.J. McCarthy,QB,Michigan,219.0,,,,,6.82,4.23
8181,2024,2024.0,Atlanta Falcons,6.0,186.0,McClJa05,jase-mcclellan-1,Jase McClellan,RB,Alabama,221.0,,20.0,,,,
8182,2024,2024.0,Los Angeles Chargers,2.0,34.0,McCoLa00,ladd-mcconkey-1,Ladd McConkey,WR,Georgia,186.0,4.39,13.0,36.0,124.0,,
8187,2024,2024.0,Cincinnati Bengals,6.0,194.0,McLaTa00,tanner-mclachlan-2,Tanner McLachlan,TE,Arizona,244.0,4.61,,35.0,117.0,,
8189,2024,2024.0,Tampa Bay Buccaneers,3.0,92.0,McMiJa01,jalen-mcmillan-1,Jalen McMillan,WR,Washington,197.0,4.47,,37.0,127.0,6.94,4.18
8191,2024,2024.0,New Orleans Saints,5.0,170.0,MeanBu00,bub-means-1,Bub Means,WR,Pittsburgh,212.0,4.43,19.0,39.5,122.0,,
8194,2024,2024.0,New England Patriots,6.0,193.0,MiltJo00,joe-milton-2,Joe Milton,QB,Tennessee,235.0,,,35.0,121.0,,
8197,2024,2024.0,Indianapolis Colts,2.0,52.0,MitcAd00,adonai-mitchell-1,Adonai Mitchell,WR,Texas,205.0,4.34,,39.5,136.0,,
8205,2024,2024.0,New York Giants,1.0,6.0,NabeMa00,malik-nabers-1,Malik Nabers,WR,LSU,200.0,,,,,,
8208,2024,2024.0,Denver Broncos,1.0,12.0,NixxBo00,bo-nix-1,Bo Nix,QB,Oregon,214.0,,,,,,
8213,2024,2024.0,Chicago Bears,1.0,9.0,OdunRo00,rome-odunze-1,Rome Odunze,WR,Washington,212.0,4.45,,39.0,124.0,6.88,4.03
8220,2024,2024.0,San Francisco 49ers,1.0,31.0,PearRi00,ricky-pearsall-1,Ricky Pearsall,WR,Florida,189.0,4.41,17.0,42.0,129.0,6.64,4.05
8223,2024,2024.0,New England Patriots,2.0,37.0,PolkJa00,jalynn-polk-1,Ja'Lynn Polk,WR,Washington,203.0,4.52,,37.5,129.0,,
8226,2024,2024.0,Green Bay Packers,7.0,245.0,PratMi00,michael-pratt-1,Michael Pratt,QB,Tulane,217.0,,,36.0,114.0,7.2,4.23
8232,2024,2024.0,New Orleans Saints,5.0,150.0,RattSp00,spencer-rattler-1,Spencer Rattler,QB,South Carolina,211.0,4.95,,32.0,108.0,7.21,4.37
8237,2024,2024.0,Arizona Cardinals,3.0,82.0,ReimTi00,tip-reiman-1,Tip Reiman,TE,Illinois,271.0,4.64,28.0,33.5,121.0,7.02,4.26
8238,2024,2024.0,Los Angeles Chargers,7.0,225.0,RiceBr00,brenden-rice-1,Brenden Rice,WR,USC,208.0,4.5,13.0,36.5,119.0,,
8243,2024,2024.0,Jacksonville Jaguars,5.0,167.0,RobiKe03,keilan-robinson-1,Keilan Robinson,RB,Texas,191.0,4.42,,33.0,125.0,,
8254,2024,2024.0,Carolina Panthers,4.0,101.0,SandJa01,jatavion-sanders-1,Ja'Tavion Sanders,TE,Texas,245.0,4.69,,,,,4.32
8256,2024,2024.0,Philadelphia Eagles,4.0,127.0,ShipWi00,will-shipley-1,Will Shipley,RB,Clemson,206.0,,,,,,
8259,2024,2024.0,Washington Commanders,2.0,53.0,SinnBe00,ben-sinnott-1,Ben Sinnott,TE,Kansas St.,250.0,4.68,,40.0,126.0,6.82,4.23
8261,2024,2024.0,Philadelphia Eagles,5.0,152.0,SmitAi00,ainias-smith-1,Ainias Smith,WR,Texas A&M,190.0,,21.0,,,,
8269,2024,2024.0,Houston Texans,4.0,123.0,StovCa00,cade-stover-1,Cade Stover,TE,Ohio St.,247.0,4.65,,34.5,117.0,,4.45
8278,2024,2024.0,Jacksonville Jaguars,1.0,23.0,ThomBr06,brian-thomas-jr-1,Brian Thomas,WR,LSU,209.0,4.33,11.0,38.5,126.0,,
8280,2024,2024.0,Cleveland Browns,5.0,156.0,ThraJa01,jamari-thrash-1,Jamari Thrash,WR,Louisville,188.0,4.46,,34.0,120.0,7.16,
8282,2024,2024.0,New York Jets,5.0,171.0,TravJo00,jordan-travis-1,Jordan Travis,QB,Florida St.,200.0,,,,,,
8290,2024,2024.0,Denver Broncos,7.0,235.0,VeleDe00,devaughn-vele-1,Devaughn Vele,WR,Utah,203.0,4.47,,36.0,126.0,,
8292,2024,2024.0,Los Angeles Chargers,6.0,181.0,VidaKi00,kimani-vidal-1,Kimani Vidal,RB,Troy,213.0,4.46,18.0,37.5,120.0,7.01,4.15
8293,2024,2024.0,Baltimore Ravens,4.0,113.0,WalkDe01,devontez-walker-1,Devontez Walker,WR,North Carolina,193.0,4.36,,40.5,134.0,,
8298,2024,2024.0,Miami Dolphins,6.0,184.0,WashMa00,malik-washington-1,Malik Washington,WR,Virginia,191.0,4.47,19.0,42.5,126.0,,
8304,2024,2024.0,Los Angeles Rams,6.0,213.0,WhitJo04,jordan-whittington-2,Jordan Whittington,WR,Texas,205.0,,18.0,,,,
8306,2024,2024.0,Kansas City Chiefs,4.0,131.0,WileJa00,jared-wiley-1,Jared Wiley,TE,TCU,249.0,4.62,,37.0,118.0,7.19,
8308,2024,2024.0,Chicago Bears,1.0,1.0,WillCa03,caleb-williams-3,Caleb Williams,QB,USC,214.0,,,,,,
8313,2024,2024.0,Philadelphia Eagles,6.0,185.0,WilsJo03,johnny-wilson-3,Johnny Wilson,WR,Florida St.,231.0,4.52,,37.0,128.0,,4.11
8315,2024,2024.0,Pittsburgh Steelers,3.0,84.0,WilsRo02,roman-wilson-1,Roman Wilson,WR,Michigan,185.0,4.39,12.0,,,,
8317,2024,2024.0,Kansas City Chiefs,1.0,28.0,WortXa00,xavier-worthy-1,Xavier Worthy,WR,Texas,165.0,4.21,,41.0,131.0,,
8318,2024,2024.0,Miami Dolphins,4.0,120.0,WrigJa04,jaylen-wright-1,Jaylen Wright,RB,Tennessee,210.0,4.38,,38.0,134.0,,
