"Rank","Player","Team","Bye","POS","ESPN","Sleeper","CBS","NFL","RTSports","Fantrax","AVG","Real-Time (?)"
"1","Ja'Marr Chase","CIN","10","WR1","1","1","1","1","1","1","1.0","1"
"2","Bijan Robinson","ATL","5","RB1","2","3","2","2","2","2","2.2","2"
"3","Saquon Barkley","PHI","9","RB2","3","2","3","4","4","6","3.7","3"
"4","Jahmyr Gibbs","DET","8","RB3","5","4","4","6","3","3","4.2","4"
"5","CeeDee Lamb","DAL","10","WR2","6","6","5","3","5","5","5.0","5"
"6","Justin Jefferson","MIN","6","WR3","4","5","6","5","6","4","5.0","6"
"7","Christian McCaffrey","SF","14","RB4","7","9","8","11","7","7","8.2","7"
"8","Malik Nabers","NYG","14","WR4","8","11","11","8","8","9","9.2","10  -2"
"9","Amon-Ra St. Brown","DET","8","WR5","9","7","12","9","10","11","9.7","8  +1"
"10","Derrick Henry","BAL","7","RB5","12","8","7","10","12","12","10.2","9  +1"
"11","Ashton Jeanty","LV","8","RB6","11","12","9","13","9","10","10.7","11"
"12","Puka Nacua","LAR","8","WR6","10","10","15","7","18","8","11.3","13  -1"
"13","Nico Collins","HOU","6","WR7","13","13","13","16","11","13","13.2","12  +1"
"14","De'Von Achane","MIA","12","RB7","14","14","16","14","17","15","15.0","16  -2"
"15","Brian Thomas Jr.","JAC","8","WR8","17","16","20","12","14","14","15.5","14  +1"
"16","Josh Jacobs","GB","5","RB8","18","15","10","20","13","20","16.0","17  -1"
"17","Drake London","ATL","5","WR9","21","17","23","19","19","16","19.2","15  +2"
"18","Jonathan Taylor","IND","11","RB9","15","22","21","22","20","19","19.8","19  -1"
"19","Brock Bowers","LV","8","TE1","20","20","24","17","21","18","20.0","22  -3"
"20","Josh Allen","BUF","7","QB1","19","18","14","21","25","24","20.2","23  -3"
"21","A.J. Brown","PHI","9","WR10","16","19","27","15","24","21","20.3","18  +3"
"22","Chase Brown","CIN","10","RB10","24","26","19","26","15","17","21.2","21  +1"
"23","Lamar Jackson","BAL","7","QB2","23","21","17","18","23","27","21.5","24  -1"
"24","Bucky Irving","TB","9","RB11","22","24","22","24","16","23","21.8","20  +4"
"25","Kyren Williams","LAR","8","RB12","29","25","18","25","22","26","24.2","26  -1"
"26","Ladd McConkey","LAC","12","WR11","30","23","28","23","29","22","25.8","25  +1"
"27","Trey McBride","ARI","8","TE2","25","28","35","27","28","25","28.0","27"
"28","James Cook III","BUF","7","RB13","32","29","26","30","27","33","29.5","28"
"29","Jayden Daniels","WAS","12","QB3","27","32","29","29","32","35","30.7","30  -1"
"30","Tee Higgins","CIN","10","WR12","26","31","32","33","37","29","31.3","29  +1"
"31","Tyreek Hill","MIA","12","WR13","31","27","39","36","31","31","32.5","32  -1"
"32","Joe Burrow","CIN","10","QB4","33","34","25","35","35","38","33.3","40  -8"
"33","Jaxon Smith-Njigba","SEA","8","WR14","37","30","40","39","33","28","34.5","31  +2"
"34","Jalen Hurts","PHI","9","QB5","28","33","31","34","43","42","35.2","34"
"35","Omarion Hampton","LAC","12","RB14","39","39","36","45","26","30","35.8","36  -1"
"36","Alvin Kamara","NO","11","RB15","38","35","30","46","30","43","37.0","38  -2"
"37","George Kittle","SF","14","TE3","36","36","38","38","40","41","38.2","35  +2"
"38","Breece Hall","NYJ","9","RB16","51","38","43","31","34","36","38.8","43  -5"
"39","Terry McLaurin","WAS","12","WR15","35","42","45","28","39","47","39.3","37  +2"
"40","Mike Evans","TB","9","WR16","46","40","37","32","48","37","40.0","33  +7"
"41","Garrett Wilson","NYJ","9","WR17","41","37","51","37","44","32","40.3","39  +2"
"42","Davante Adams","LAR","8","WR18","34","44","34","48","42","40","40.3","45  -3"
"43","Kenneth Walker III","SEA","8","RB17","47","43","33","40","38","45","41.0","42  +1"
"44","Marvin Harrison Jr.","ARI","8","WR19","44","41","46","41","45","34","41.8","41  +3"
"45","TreVeyon Henderson","NE","14","RB18","48","52","41","52","36","39","44.7","44  +1"
"46","Chuba Hubbard","CAR","14","RB19","40","46","44","56","41","50","46.2","48  -2"
"47","James Conner","ARI","8","RB20","45","48","42","49","46","54","47.3","46  +1"
"48","DK Metcalf","PIT","5","WR20","43","45","49","53","54","52","49.3","47  +1"
"49","Patrick Mahomes II","KC","10","QB6","42","49","47","42","60","58","49.7","51  -2"
"50","DJ Moore","CHI","5","WR21","55","51","52","44","52","44","49.7","50"
"51","Courtland Sutton","DEN","12","WR22","58","50","53","57","50","49","52.8","52  -1"
"52","Sam LaPorta","DET","8","TE4","50","47","58","43","65","56","53.2","49  +3"
"53","Xavier Worthy","KC","10","WR23","49","57","50","68","57","48","54.8","57  -4"
"54","D'Andre Swift","CHI","5","RB21","53","66","48","55","47","68","56.2","56  -2"
"55","DeVonta Smith","PHI","9","WR24","61","54","60","61","59","51","57.7","54  +1"
"56","Tetairoa McMillan","CAR","14","WR25","59","62","64","70","51","46","58.7","53  +3"
"57","Jameson Williams","DET","8","WR26","66","63","65","51","63","53","60.2","60  -3"
"58","David Montgomery","DET","8","RB22","60","53","57","69","61","63","60.5","64  -6"
"59","RJ Harvey","DEN","12","RB23","74","64","55","66","49","57","60.8","59"
"60","Isiah Pacheco","KC","10","RB24","64","56","66","58","55","66","60.8","55  +5"
"61","Zay Flowers","BAL","7","WR27","54","58","63","73","68","55","61.8","63  -2"
"62","Baker Mayfield","TB","9","QB7","52","65","54","60","71","73","62.5","70  -8"
"63","Travis Kelce","KC","10","TE5","56","60","61","59","62","77","62.5","65  -2"
"64","T.J. Hockenson","MIN","6","TE6","57","59","71","50","74","70","63.5","61  +3"
"65","Calvin Ridley","TEN","10","WR28","62","72","67","65","56","60","63.7","66  -1"
"66","Tony Pollard","TEN","10","RB25","63","70","59","79","53","67","65.2","58  +8"
"67","Aaron Jones Sr.","MIN","6","RB26","70","67","56","77","58","64","65.3","69  -2"
"68","George Pickens","DAL","10","WR29","69","61","62","76","64","62","65.7","62  +6"
"69","Travis Hunter","JAC","8","WR30","73","68","82","62","73","61","69.8","68  +1"
"70","Bo Nix","DEN","12","QB8","67","71","68","64","79","75","70.7","72  -2"
"71","Rashee Rice","KC","10","WR31","76","55","84","47","80","85","71.2","73  -2"
"72","Jaylen Waddle","MIA","12","WR32","65","69","80","85","75","59","72.2","67  +5"
"73","Mark Andrews","BAL","7","TE7","71","73","73","54","94","81","74.3","71  +2"
"74","Jerry Jeudy","CLE","9","WR33","68","74","70","98","66","71","74.5","75  -1"
"75","Tyrone Tracy Jr.","NYG","14","RB27","82","86","69","101","67","79","80.7","77  -2"
"76","Kaleb Johnson","PIT","5","RB28","98","77","79","81","78","74","81.2","80  -4"
"77","Rome Odunze","CHI","5","WR34","75","79","98","89","82","65","81.3","78  -1"
"78","Chris Olave","NO","11","WR35","85","75","101","88","76","69","82.3","76  +2"
"79","Deebo Samuel Sr.","WAS","12","WR36","96","78","76","96","86","72","84.0","85  -6"
"80","David Njoku","CLE","9","TE8","72","81","74","86","98","94","84.2","83  -3"
"81","Evan Engram","DEN","12","TE9","80","76","99","74","90","89","84.7","81"
"82","Emeka Egbuka","TB","9","WR37","81","90","78","113","72","83","86.2","74  +8"
"83","Kyler Murray","ARI","8","QB9","77","93","81","80","99","87","86.2","87  -4"
"84","Jaylen Warren","PIT","5","RB29","84","96","86","108","69","82","87.5","84"
"85","Ricky Pearsall","SF","14","WR38","86","95","72","110","70","92","87.5","82  +3"
"86","Stefon Diggs","NE","14","WR39","88","88","93","95","83","78","87.5","88  -2"
"87","Tyler Warren","IND","11","TE10","90","82","94","84","91","91","88.7","79  +8"
"88","Jakobi Meyers","LV","8","WR40","83","84","90","117","95","76","90.8","89  -1"
"89","Matthew Golden","GB","5","WR41","79","87","100","116","81","90","92.2","86  +3"
"90","Cooper Kupp","SEA","8","WR42","91","85","95","112","88","84","92.5","93  -3"
"91","Jordan Addison","MIN","6","WR43","109","91","103","94","97","80","95.7","95  -4"
"92","Travis Etienne Jr.","JAC","8","RB30","116","92","88","122","87","88","98.8","91  +1"
"93","Brock Purdy","SF","14","QB10","78","109","89","106","120","98","100.0","96  -3"
"94","Dak Prescott","DAL","10","QB11","99","112","77","118","92","105","100.5","100  -6"
"95","Jordan Mason","MIN","6","RB31","119","102","97","121","77","93","101.5","90  +5"
"96","Jacory Croskey-Merritt","WAS","12","RB32","87","136","75","144","85","86","102.2","101  -5"
"97","Cam Skattebo","NYG","14","RB33","101","100","117","100","105","100","103.8","102  -5"
"98","J.K. Dobbins","DEN","12","RB34","97","103","102","132","89","106","104.8","92  +6"
"99","Denver Broncos","DST","12","DST1","92","107","106","82","126","118","105.2","107  -8"
"100","Jared Goff","DET","8","QB12","128","89","96","105","115","101","105.7","108  -8"
"101","Khalil Shakir","BUF","7","WR44","110","98","119","103","102","102","105.7","98  +3"
"102","Chris Godwin Jr.","TB","9","WR45","113","106","108","91","112","112","107.0","114  -12"
"103","Brandon Aubrey","DAL","10","K1","107","99","104","71","132","130","107.2","111  -8"
"104","Jauan Jennings","SF","14","WR46","114","110","121","111","106","96","109.7","104"
"105","Zach Charbonnet","SEA","8","RB35","125","108","91","153","84","99","110.0","94  +11"
"106","Tucker Kraft","GB","5","TE11","106","115","114","120","100","108","110.5","97  +9"
"107","Javonte Williams","DAL","10","RB36","102","113","109","150","93","103","111.7","109  -2"
"108","Michael Pittman Jr.","IND","11","WR47","94","117","92","164","110","97","112.3","103  +5"
"109","Austin Ekeler","WAS","12 ","RB37","95","119","83","140","96","144","112.8","99  +10"
"110","Justin Herbert","LAC","12","QB13","93","104","124","125","128","109","113.8","116  -6"
"111","Rhamondre Stevenson","NE","14","RB38","103","131","111","129","107","104","114.2","121  -10"
"112","Philadelphia Eagles","DST","9","DST2","133","97","85","93","144","135","114.5","113  -1"
"113","Colston Loveland","CHI","5","TE12","112","101","132","114","113","122","115.7","105  +8"
"114","Justin Fields","NYJ","9","QB14","126","161","116","63","127","107","116.7","110  +4"
"115","Joe Mixon","HOU","6","RB39","145","80","87","72","111","210","117.5","119  -4"
"116","Keon Coleman","BUF","7","WR48","108","121","113","137","118","111","118.0","112  +4"
"117","Baltimore Ravens","DST","7","DST3","105","105","110","124","167","113","120.7","133  -16"
"118","Quinshon Judkins","CLE","9","RB40","158","83","112","99","123","153","121.3","106  +12"
"119","Caleb Williams","CHI","5","QB15","111","147","120","115","109","131","122.2","128  -9"
"120","Brian Robinson Jr.","SF","14","RB41","168","94","129","107","114","149","126.8","117  +3"
"121","Josh Downs","IND","11","WR49","132","124","131","142","121","114","127.3","115  +6"
"122","Nick Chubb","HOU","6","RB42","121","116","107","174","104","151","128.8","122"
"123","Drake Maye","NE","14","QB16","117","129","130","146","136","115","128.8","123"
"124","Jayden Reed","GB","5","WR50","130","123","137","139","119","126","129.0","131  -7"
"125","Dalton Kincaid","BUF","7","TE13","129","114","143","128","140","125","129.8","118  +7"
"126","Jake Bates","DET","8","K2","100","118","170","102","164","129","130.5","134  -8"
"127","C.J. Stroud","HOU","6","QB17","123","120","136","136","146","124","130.8","141  -14"
"128","Cameron Dicker","LAC","12","K3","118","126","158","78","152","169","133.5","138  -10"
"129","Pittsburgh Steelers","DST","5","DST4","89","122","133","133","159","166","133.7","136  -7"
"130","Najee Harris","LAC","12","RB43","159","148","139","119","117","128","135.0","129  +1"
"131","Tank Bigsby","PHI","9","RB44","134","139","105","209","101","123","135.2","124  +7"
"132","Kyle Pitts Sr.","ATL","5","TE14","142","111","148","131","141","141","135.7","126  +6"
"133","Jordan Love","GB","5","QB18","124","141","122","141","149","137","135.7","135  -2"
"134","Buffalo Bills","DST","7","DST5","155","127","127","90","154","167","136.7","143  -9"
"135","Braelon Allen","NYJ","9","RB45","152","156","126","191","103","95","137.2","120  +15"
"136","Jake Ferguson","DAL","10","TE15","137","128","140","159","125","136","137.5","127  +9"
"137","Darnell Mooney","ATL","5","WR51","140","146","118","183","133","117","139.5","137"
"138","Houston Texans","DST","6","DST6","104","135","147","148","163","152","141.5","158  -20"
"139","Jaydon Blue","DAL","10","RB46","157","142","141","155","116","143","142.3","139"
"140","Dallas Goedert","PHI","9","TE16","127","145","125","145","166","146","142.3","132  +8"
"141","Minnesota Vikings","DST","6","DST7","122","134","138","152","169","155","145.0","155  -14"
"142","Rashid Shaheed","NO","11","WR52","135","130","161","177","151","119","145.5","125  +17"
"143","Rachaad White","TB","9","RB47","151","168","134","149","129","142","145.5","146  -3"
"144","Chase McLaughlin","TB","9","K4","115","149","159","109","175","168","145.8","159  -15"
"145","J.J. McCarthy","MIN","6","QB19","136","150","151","158","148","133","146.0","150  -5"
"146","Keenan Allen","LAC","12","WR53","120","137","152","222","130","120","146.8","140  +6"
"147","Brandon Aiyuk","SF","14","WR54","171","143","164","126","139","140","147.2","144  +3"
"148","Bhayshul Tuten","JAC","8","RB48","148","172","144","165","131","132","148.7","145  +3"
"149","Christian Kirk","HOU","6","WR55","179","158","135","171","153","110","151.0","142  +7"
"150","Jayden Higgins","HOU","6","WR56","150","125","166","207","138","121","151.2","147  +3"
"151","Marvin Mims Jr.","DEN","12","WR57","165","152","168","175","134","116","151.7","151"
"152","Jonnu Smith","PIT","5","TE17","187","140","182","97","147","163","152.7","157  -5"
"153","Zach Ertz","WAS","12","TE18","156","154","115","163","173","164","154.2","163  -10"
"154","Trey Benson","ARI","8","RB49","149","157","149","226","124","134","156.5","149  +5"
"155","Chris Boswell","PIT","5","K5","146","133","201","67","205","194","157.7","130  +25"
"156","Jerome Ford","CLE","9","RB50","139","162","146","241","108","150","157.7","148  +8"
"157","Green Bay Packers","DST","5","DST8","161","155","128","161","165","190","160.0","174  -17"
"158","Trevor Lawrence","JAC","8","QB20","170","183","150","179","143","138","160.5","167  -9"
"159","Ollie Gordon II","MIA","12","RB51","172","175","123","236","122","139","161.2","152  +7"
"160","Hunter Henry","NE","14","TE19","154","171","154","173","158","178","164.7","161  -1"
"161","San Francisco 49ers","DST","14","DST9","185","169","181","75","203","183","166.0","162  -1"
"162","Jake Elliott","PHI","9","K6","141","144","180","135","195","207","167.0","173  -11"
"163","Tyler Bass","BUF","7","K7","138","159","156","143","224","187","167.8","181  -18"
"164","Detroit Lions","DST","8","DST10","131","132","178","156","209","202","168.0","169  -5"
"165","Tyler Allgeier","ATL","5","RB52","163","186","173","188","145","160","169.2","165"
"166","Marquise Brown","KC","10","WR58","164","193","211","127","157","170","170.3","166"
"167","Ka'imi Fairbairn","HOU","6","K8","183","189","198","87","171","199","171.2","156  +11"
"168","Dylan Sampson","CLE","9","RB53","180","178","157","253","135","127","171.7","153  +15"
"169","Harrison Butker","KC","10","K9","147","151","184","147","193","208","171.7","187  -18"
"170","Rashod Bateman","BAL","7","WR59","173","165","145","182","210","158","172.2","154  +16"
"171","Adam Thielen","MIN","6","WR60","178","163","165","202","181","148","172.8","168  +3"
"172","Ray Davis","BUF","7","RB54","189","192","163","214","137","147","173.7","160  +12"
"173","Kansas City Chiefs","DST","10","DST11","186","160","177","138","194","188","173.8","178  -5"
"174","Tua Tagovailoa","MIA","12","QB21","166","204","155","194","161","172","175.3","194  -20"
"175","Luther Burden III","CHI","5","WR61","213","153","174","210","162","145","176.2","164  +11"
"176","Xavier Legette","CAR","14","WR62","144","181","203","208","170","157","177.2","171  +5"
"177","Cam Ward","TEN","10","QB22","175","167","183","169","217","159","178.3","197  -20"
"178","Cam Little","JAC","8","K10","167","138","197","157","222","200","180.2","180  -2"
"179","Matthew Stafford","LAR","8","QB23","162","199","169","167","201","185","180.5","188  -9"
"180","Tyjae Spears","TEN","10","RB55","204","174","172","200","150","203","183.8","182  -2"
"181","Michael Penix Jr.","ATL","5","QB24","181","185","176","189","190","189","185.0","183  -2"
"182","Bryce Young","CAR","14","QB25","191","211","190","195","185","154","187.7","192  -10"
"183","Wan'Dale Robinson","NYG","14","WR63","169","209","162","249","182","165","189.3","177  +6"
"184","Tyler Loop","BAL","7","K11","176","166","208","198","212","182","190.3","216  -32"
"185","Wil Lutz","DEN","12","K12","217","198","210","130","176","221","192.0","172  +13"
"186","Isaiah Likely","BAL","7","TE20","202","187","188","160","218","209","194.0","207  -21"
"187","Seattle Seahawks","DST","8","DST12","143","190","196","181","253","219","197.0","231  -44"
"188","Arizona Cardinals","DST","8","DST13","195","176","217","151","211","234","197.3","198  -10"
"189","Brenton Strange","JAC","8","TE21","193","191","189","255","180","177","197.5","201  -12"
"190","Cedric Tillman","CLE","9","WR64","160","188","204","305","183","156","199.3","176  +14"
"191","Geno Smith","LV","8","QB26","203","234","175","206","200","191","201.5","263  -72"
"192","Romeo Doubs","GB","5","WR65","223","205","206","223","192","173","203.7","195  -3"
"193","Darren Waller","MIA","12","TE22","188","203","199","185","235","216","204.3","202  -9"
"194","Evan McPherson","CIN","10","K13","198","182","186","186","244","232","204.7","189  +5"
"195","DeMario Douglas","NE","14","WR66","201","206","194","262","184","184","205.2","186  +9"
"196","Kareem Hunt","KC","10","RB56","265","180","213","205","160","215","206.3","184  +12"
"197","Younghoe","Koo","","K14","194","164","195","172","268","272","210.8","225  -28"
"198","Washington Commanders","DST","12","DST14","207","170","202","170","248","277","212.3","242  -44"
"199","Los Angeles Chargers","DST","12","DST15","264","238","171","154","251","201","213.2","229  -30"
"200","Dallas Cowboys","DST","10","DST16","205","223","179","166","240","270","213.8","232  -32"
"201","Will Shipley","PHI","9","RB57","208","208","212","307","179","205","219.8","203  -2"
"202","Los Angeles Rams","DST","8","DST17","248","222","216","197","214","230","221.2","210  -8"
"203","New York Giants","DST","14","DST18","197","224","167","187","250","304","221.5","237  -34"
"204","New York Jets","DST","9","DST19","200","235","191","213","241","261","223.5","241  -37"
"205","Rico Dowdle","CAR","14","RB58","","212","209","221","142","161","189.0","196  +9"
"206","Matt Gay","WAS","12","K15","182","","153","180","237","214","193.2","236  -30"
"207","Jason Sanders","MIA","12","K16","206","250","192","104","","218","194.0","222  -15"
"208","Tampa Bay Buccaneers","DST","9","DST20","192","236","","134","264","180","201.2","206  +2"
"209","Isaac Guerendo","SF","14","RB59","","195","187","199","191","240","202.4","214  -5"
"210","Pat Freiermuth","PIT","5","TE23","196","213","","176","238","195","203.6","224  -14"
"211","Aaron Rodgers","PIT","5","QB27","190","226","","193","216","193","203.6","272  -61"
"212","Sam Darnold","SEA","8","QB28","199","231","","201","220","176","205.4","270  -58"
"213","Chicago Bears","DST","5","DST21","221","","214","83","242","297","211.4","193  +20"
"214","New England Patriots","DST","14","DST22","153","202","","190","247","269","212.2","246  -32"
"215","Cade Otton","TB","9","TE24","243","233","","211","189","196","214.4","221  -6"
"216","Isaac TeSlaa","DET","8","WR67","212","197","","219","177","268","214.6","200  +16"
"217","Daniel Carlson","LV","8","K17","218","200","","162","254","252","217.2","220  -3"
"218","Dont'e Thornton Jr.","LV","8","WR68","255","179","","266","187","227","222.8","191  +27"
"219","Brandon McManus","GB","5","K18","215","","205","204","208","299","226.2","255  -36"
"220","Raheem Mostert","LV","8","RB60","","239","193","247","232","231","228.4","247  -27"
"221","Will Reichard","MIN","6","K19","219","221","","196","258","264","231.6","261  -40"
"222","Quentin Johnston","LAC","12","WR69","","248","200","284","262","179","234.6","209  +13"
"223","Jake Moody","CHI","5","K20","209","220","","203","260","289","236.2","259  -36"
"224","Roschon Johnson","CHI","5","RB61","","245","215","301","206","220","237.4","249  -25"
"225","Tre Harris","LAC","12","WR70","","173","","168","178","162","170.3","175  +50"
"226","Mike Gesicki","CIN","10","TE25","325","217","","267","263","192","252.8","235  -9"
"227","Miami Dolphins","DST","12","DST23","231","289","","220","265","265","254.0","267  -40"
"228","Kendre Miller","NO","11","RB62","","295","207","354","233","186","255.0","234  -6"
"229","Dalton Schultz","HOU","6","TE26","354","242","","216","252","233","259.4","228  +1"
"230","Chig Okonkwo","TEN","10","TE27","","177","","217","186","198","194.5","179  +51"
"231","Joshua Palmer","BUF","7","WR71","","184","","232","188","175","194.8","170  +61"
"232","Kyle Williams","NE","14","WR72","","194","","229","204","174","200.3","190  +42"
"233","Tahj Brooks","CIN","10","RB63","","237","185","431","228","255","267.2","271  -38"
"234","DeAndre Hopkins","BAL","7","WR73","","216","","192","156","259","205.8","212  +22"
"235","Blake Corum","LAR","8","RB64","","215","","244","197","197","213.3","211  +24"
"236","Jaylen Wright","MIA","12","RB65","","218","","245","215","181","214.8","217  +19"
"237","Woody Marks","HOU","6","RB66","","201","","332","168","171","218.0","204  +33"
"238","Justice Hill","BAL","7","RB67","","243","","231","174","224","218.0","250  -12"
"239","Joe Flacco","CLE","9","QB29","253","327","","261","272","281","278.8",""
"240","Cincinnati Bengals","DST","10","DST24","222","","","92","266","315","223.8","185  +55"
"241","Mason Taylor","NYJ","9","TE28","","210","","271","198","226","226.3","208  +33"
"242","Ja'Tavion Sanders","CAR","14","TE29","353","270","","275","275","257","286.0","248  -6"
"243","Jack Bech","LV","8","WR74","","219","","242","225","225","227.8","215  +28"
"244","Jaxson Dart","NYG","14","QB30","210","225","","239","","239","228.3","254  -10"
"245","Cleveland Browns","DST","9","DST25","216","","","123","276","305","230.0","213  +32"
"246","Elijah Arroyo","SEA","8","TE30","","214","","272","229","211","231.5","262  -16"
"247","Alec Pierce","IND","11","WR75","","254","","256","219","206","233.8","218  +29"
"248","Shedeur Sanders","CLE","9","QB31","211","228","","215","","291","236.3","253  -5"
"249","Anthony Richardson Sr.","IND","11","QB32","237","257","","230","","229","238.3","276  -27"
"250","Russell Wilson","NYG","14","QB33","238","281","","225","","212","239.0","274  -24"
"251","Keaton Mitchell","BAL","7","RB68","","229","","287","196","250","240.5","243  +8"
"252","DJ Giddens","IND","11","RB69","","241","","316","213","204","243.5","257  -5"
"253","Elic Ayomanor","TEN","10","WR76","","207","","323","223","222","243.8","239  +14"
"254","Miles Sanders","DAL","10","RB70","","253","","279","221","223","244.0","245  +9"
"255","Tory Horton","SEA","8","WR77","478","230","","325","207","267","301.4","223  +32"
"256","Kyle Monangai","CHI","5","RB71","","240","","322","155","278","248.8","226  +30"
"257","Cole Kmet","CHI","5","TE31","226","313","","227","","236","250.5","266  -9"
"258","Jaylin Noel","HOU","6","WR78","494","262","","342","234","213","309.0","252  +6"
"259","Harold Fannin Jr.","CLE","9","TE32","267","298","","432","256","309","312.4",""
"260","Jalen Coker","CAR","14","WR79","","227","","337","271","217","263.0","238  +22"
"261","Daniel Jones","IND","11","QB34","","329","160","313","","251","263.3","233  +28"
"262","Indianapolis Colts","DST","11","DST26","174","320","","233","","332","264.8",""
"263","Elijah Mitchell","KC","10","RB72","","317","","252","239","253","265.3",""
"264","Calvin Austin III","PIT","5","WR80","","268","","282","267","245","265.5",""
"265","Noah Gray","KC","10","TE33","232","308","","240","","288","267.0",""
"266","Las Vegas Raiders","DST","8","DST27","225","306","","228","","310","267.3",""
"267","Brashard Smith","KC","10","RB73","","264","","373","230","228","273.8","251  +16"
"268","Trevor Etienne","CAR","14","RB74","","352","","260","199","296","276.8",""
"269","Darius Slayton","NYG","14","WR81","","292","","310","261","249","278.0","278  -9"
"270","Michael Wilson","ARI","8","WR82","","277","","319","277","246","279.8","219  +51"
"271","New Orleans Saints","DST","11","DST28","236","309","","248","","335","282.0",""
"272","Justin Tucker","","","K21","214","299","","265","","359","284.3",""
"273","Troy Franklin","DEN","12","WR83","","331","","288","245","276","285.0","258  +15"
"274","Pat Bryant","DEN","12","WR84","","244","","388","255","258","286.3","240  +34"
"275","Zack Moss","","","RB75","257","366","","235","","290","287.0",""
"276","Dyami Brown","JAC","8","WR85","","273","","377","274","247","292.8",""
"277","Terrance Ferguson","LAR","8","TE34","260","279","","366","","300","301.3",""
"278","Atlanta Falcons","DST","5","DST29","234","","","224","","235","231.0",""
"279","Jalen Milroe","SEA","8","QB35","311","310","","308","","293","305.5",""
"280","Tyler Conklin","LAC","12","TE35","306","361","","263","","294","306.0",""
"281","Jarquez Hunter","LAR","8","RB76","","260","","522","202","244","307.0","277  +4"
"282","Roman Wilson","PIT","5","WR86","","297","","357","246","333","308.3","260  +22"
"283","Tennessee Titans","DST","10","DST30","233","271","","270","","470","311.0",""
"284","Tyler Lockett","TEN","10","WR87","","232","","238","","256","242.0","205  +79"
"285","Joshua Karty","LAR","8","K22","","","","212","269","260","247.0","280  +5"
"286","Dontayvion Wicks","GB","5","WR88","374","322","","331","","237","316.0",""
"287","Cairo Santos","CHI","5","K23","177","","","218","","348","247.7",""
"288","Jalen McMillan","TB","9","WR89","","246","","234","","284","254.7","227  +61"
"289","Kayshon Boutte","NE","14","WR90","","373","","382","249","307","327.8",""
"290","Devin Singletary","NYG","14","RB77","","","","257","231","308","265.3",""
"291","Taysom Hill","NO","11","TE36","246","370","","294","","410","330.0",""
"292","Graham Gano","NYG","14","K24","230","","","250","","329","269.7",""
"293","Andrei Iosivas","CIN","10","WR91","","291","","264","","266","273.7","265  +28"
"294","Chris Rodriguez Jr.","WAS","12","RB78","","","","365","172","285","274.0","275  +19"
"295","Jalen Royals","KC","10","WR92","401","258","","446","","241","336.5","268  +27"
"296","Dameon Pierce","HOU","6","RB79","","","","285","227","314","275.3","264  +32"
"297","Luke McCaffrey","WAS","12","WR93","241","","","303","","292","278.7",""
"298","Juwan Johnson","NO","11","TE37","","303","","280","","254","279.0",""
"299","Theo Johnson","NYG","14","TE38","","283","","292","","263","279.3","273  +26"
"300","MarShawn Lloyd","GB","5","RB80","","282","","315","","242","279.7","256  +44"
"301","Kirk Cousins","ATL","5","QB36","229","","","276","","340","281.7",""
"302","Jaleel McLaughlin","DEN","12","RB81","","341","","184","","324","283.0","244  +58"
"303","Andy Borregales","NE","14","K25","254","","","283","","313","283.3",""
"304","Jordan James","SF","14","RB82","457","301","","334","","283","343.8",""
"305","Sean Tucker","TB","9","RB83","","","","320","259","275","284.7","269  +36"
"306","Adonai Mitchell","IND","11","WR94","","251","","367","","248","288.7","279  +27"
"307","Ray-Ray McCloud III","ATL","5","WR95","","","","339","243","286","289.3",""
"308","Antonio Gibson","NE","14","RB84","278","","","298","","311","295.7",""
"309","Diontae Johnson","","","WR96","","319","","291","","280","296.7",""
"310","Dawson Knox","BUF","7","TE39","227","","","246","","424","299.0",""
"311","Tyler Higbee","LAR","8","TE40","","346","","278","","282","302.0",""
"312","Jacksonville Jaguars","DST","8","DST31","","326","","254","","334","304.7",""
"313","Ty Johnson","BUF","7","RB85","","","","318","273","326","305.7",""
"314","Elijah Moore","BUF","7","WR97","276","","","300","","346","307.3",""
"315","Jameis Winston","NYG","14","QB37","269","","","324","","330","307.7",""
"316","JuJu Smith-Schuster","KC","10","WR98","259","","","258","","409","308.7",""
"317","Carolina Panthers","DST","14","DST32","224","","","289","","415","309.3",""
"318","Blake Grupe","NO","11","K26","239","","","237","","458","311.3",""
"319","Tyler Shough","NO","11","QB38","","315","","383","","243","313.7",""
"320","Tutu Atwell","LAR","8","WR99","","355","","329","","262","315.3",""
"321","A.J. Dillon","PHI","9","RB86","326","","","314","","306","315.3",""
"322","Emanuel Wilson","GB","5","RB87","","","","355","257","343","318.3",""
"323","Noah Fant","CIN","10","TE41","","380","","259","","317","318.7",""
"324","Zamir White","LV","8","RB88","235","","","352","","374","320.3",""
"325","Kenneth Gainwell","PIT","5","RB89","","","","274","226","468","322.7",""
"326","Tank Dell","HOU","6","WR100","252","","","268","","452","324.0",""
"327","Malik Washington","MIA","12","WR101","","","","387","270","316","324.3",""
"328","Marquez Valdes-Scantling","SF","14","WR102","","362","","317","","301","326.7",""
"329","KeAndre Lambert-Smith","LAC","12","WR103","282","","","385","","327","331.3",""
"330","Spencer Shrader","IND","11","K27","","","218","297","","480","331.7",""
"331","Jason Myers","SEA","8","K28","","","","178","","298","238.0","230  +101"
"332","Jahan Dotson","PHI","9","WR104","228","","","295","","477","333.3",""
"333","Joey Slye","TEN","10","K29","273","","","273","","456","334.0",""
"334","Efton Chism III","NE","14","WR105","247","","","306","","454","335.7",""
"335","Michael Mayer","LV","8","TE42","","382","","296","","341","339.7",""
"336","Christian Watson","GB","5","WR106","","336","","364","","320","340.0",""
"337","Luke Musgrave","GB","5","TE43","249","","","333","","444","342.0",""
"338","Audric Estime","PHI","9","RB90","","377","","356","","295","342.7",""
"339","Chad Ryland","ARI","8","K30","433","","","269","","331","344.3",""
"340","Tez Johnson","TB","9","WR107","300","","","403","","336","346.3",""
"341","Xavier Restrepo","TEN","10","WR108","385","323","","560","","339","401.8",""
"342","Olamide Zaccheaus","CHI","5","WR109","342","","","363","","344","349.7",""
"343","Hunter Renfrow","CAR","14","WR110","290","","","362","","400","350.7",""
"344","Will Dissly","LAC","12","TE44","329","","","304","","423","352.0",""
"345","Damien Martinez","","","RB91","396","","","395","","271","354.0",""
"346","Dustin Hopkins","","","K31","284","","","290","","491","355.0",""
"347","Jermar Jefferson","","","RB92","220","","","328","","","274.0",""
"348","Darnell Washington","PIT","5","TE45","274","","","286","","510","356.7",""
"349","Devin Neal","NO","11","RB93","","275","","731","","273","426.3",""
"350","Darius Cooper","PHI","9","WR111","258","","","411","","406","358.3",""
"351","KaVontae Turpin","DAL","10","WR112","","","","243","","312","277.5",""
"352","Jalen Tolbert","DAL","10","WR113","","","","281","","279","280.0",""
"353","Grant Calcaterra","PHI","9","TE46","286","","","330","","466","360.7",""
"354","Austin Hooper","NE","14","TE47","292","","","326","","483","367.0",""
"355","John Metchie III","PHI","9","WR114","314","","","378","","414","368.7",""
"356","Ryan Fitzgerald","CAR","14","K32","240","","","347","","","293.5",""
"357","Joe Milton III","DAL","10","QB39","345","","","335","","429","369.7",""
"358","Tre Tucker","LV","8","WR115","","","","302","","287","294.5",""
"359","Joshua Dobbs","NE","14","QB40","320","","","370","","435","375.0",""
"360","Jimmy Horn Jr.","CAR","14","WR116","288","","","321","","","304.5",""
"361","Odell Beckham Jr.","","","WR117","263","","","348","","","305.5",""
"362","Jimmy Garoppolo","LAR","8","QB41","301","","","405","","428","378.0",""
"363","Mitchell Tinsley","CIN","10","WR118","297","","","425","","413","378.3",""
"364","Ben Sinnott","WAS","12","TE48","","334","","466","","338","379.3",""
"365","Nick Westbrook-Ikhine","MIA","12","WR119","","","","299","","318","308.5",""
"366","Josh Oliver","MIN","6","TE49","291","","","327","","528","382.0",""
"367","J.J. Taylor","","","RB94","245","","","374","","","309.5",""
"368","Mason Rudolph","PIT","5","QB42","327","","","361","","453","380.3",""
"369","Brock Wright","DET","8","TE50","281","","","340","","","310.5",""
"370","Elijah Higgins","ARI","8","TE51","303","","","343","","498","381.3",""
"371","Carson Wentz","MIN","6","QB43","293","","","406","","447","382.0",""
"372","Jordan Whittington","LAR","8","WR120","","356","","465","","328","383.0",""
"373","LaJohntay Wester","BAL","7","WR121","355","","","430","","366","383.7",""
"374","Brandin Cooks","NO","11","WR122","","","","311","","319","315.0",""
"375","Jake Bobo","SEA","8","WR123","289","","","344","","524","385.7",""
"376","Deshaun Watson","CLE","9","QB44","270","","","368","","","319.0",""
"377","Allen Lazard","NYJ","9","WR124","","","","338","","302","320.0",""
"378","Kenny Pickett","LV","8","QB45","347","","","380","","438","388.3",""
"379","Andre Szmyt","CLE","9","K33","261","","","530","","382","391.0",""
"380","Jalen Nailor","MIN","6","WR125","","","","341","","303","322.0",""
"381","Jalin Hyatt","NYG","14","WR126","316","","","420","","433","389.7",""
"382","Tanner McKee","PHI","9","QB46","336","","","401","","434","390.3",""
"383","Craig Reynolds","DET","8","RB95","318","","","393","","462","391.0",""
"384","Ty Chandler","MIN","6","RB96","279","","","379","","522","393.3",""
"385","Devaughn Vele","NO","11","WR127","","","","386","","274","330.0",""
"386","Khalil Herbert","","","RB97","283","","","450","","451","394.7",""
"387","Malik Willis","GB","5","QB47","328","","","397","","460","395.0",""
"388","Gardner Minshew II","KC","10","QB48","324","","","414","","461","399.7",""
"389","Luke Schoonmaker","DAL","10","TE52","305","","","381","","515","400.3",""
"390","Oronde Gadsden II","LAC","12","TE53","","333","","539","","347","406.3",""
"391","Spencer Rattler","NO","11","QB49","","","","336","","345","340.5",""
"392","Mitchell Trubisky","BUF","7","QB50","341","","","437","","427","401.7",""
"393","Nick Folk","NYJ","9","K34","","","","309","","379","344.0",""
"394","Cooper Rush","BAL","7","QB51","344","","","409","","463","405.3",""
"395","Mac Jones","SF","14","QB52","371","","","376","","474","407.0",""
"396","Mack Hollins","NE","14","WR128","360","","","360","","503","407.7",""
"397","Tyquan Thornton","KC","10","WR129","346","","","398","","481","408.3",""
"398","Demarcus Robinson","SF","14","WR130","428","","","358","","439","408.3",""
"399","Curtis Samuel","BUF","7","WR131","393","","","359","","473","408.3",""
"400","Parker Romo","ATL","5","K35","351","","","353","","","352.0",""
"401","Harrison Mevis","","","K36","242","","","467","","","354.5",""
"402","Julian Hill","MIA","12","TE54","294","","","424","","514","410.7",""
"403","Quinn Ewers","MIA","12","QB53","309","","","402","","","355.5",""
"404","AJ Barner","SEA","8","TE55","","","","293","","420","356.5",""
"405","Adam Trautman","DEN","12","TE56","338","","","375","","","356.5",""
"406","Kalif Raymond","DET","8","WR132","323","","","390","","527","413.3",""
"407","Kenny Stills","","","WR133","","330","","","","384","357.0",""
"408","Jude McAtamney","NYG","14","K37","296","","","429","","518","414.3",""
"409","Jarrett Stidham","DEN","12","QB54","382","","","444","","417","414.3",""
"410","Caden Davis","","","K38","277","","","533","","445","418.3",""
"411","Equanimeous St. Brown","","","WR134","285","","","439","","","362.0",""
"412","Savion Williams","GB","5","WR135","407","","","802","","321","510.0",""
"413","Skyy Moore","SF","14","WR136","319","","","510","","422","417.0",""
"414","Will Howard","PIT","5","QB55","365","","","384","","504","417.7",""
"415","Parker Washington","JAC","8","WR137","","","","419","","322","370.5",""
"416","Matthew Wright","","","K39","459","","","351","","455","421.7",""
"417","Kyle Allen","DET","8","QB56","304","","","440","","","372.0",""
"418","Jake Browning","CIN","10","QB57","335","","","598","","411","448.0",""
"419","Tyrell Shavers","BUF","7","WR138","372","","","536","","378","428.7",""
"420","Samaje Perine","CIN","10","RB98","","","","312","","441","376.5",""
"421","Greg Joseph","","","K40","357","","","412","","516","428.3",""
"422","Scott Matlock","LAC","12","DT1","244","","","","","","244.0",""
"423","Trevon Grimes","","","WR139","","247","","","","","247.0",""
"424","Daniel Bellinger","NYG","14","TE57","352","","","457","","484","431.0",""
"425","DeWayne McBride","","","RB99","250","","","","","","250.0",""
"426","Matt Barkley","","","QB58","251","","","","","","251.0",""
"427","Kyle Juszczyk","SF","14","RB100","","","","251","","","251.0",""
"428","Raymond Calais","","","RB101","","252","","","","","252.0",""
"429","Bruce Anderson","III","","RB102","","255","","","","","255.0",""
"430","Greg Zuerlein","","","K41","343","","","434","","","388.5",""
"431","Ethan Fernea","","","WR140","","256","","","","","256.0",""
"432","Braxton Berrios","HOU","6","WR141","256","","","587","","","421.5",""
"433","Connor Heyward","PIT","5","TE58","380","","","399","","","389.5",""
"434","Tim Patrick","JAC","8","WR142","476","","","350","","475","433.7",""
"435","Matt Bushman","","","TE59","","261","","","","","261.0",""
"436","Kyle McCord","PHI","9","QB59","262","","","721","","","491.5",""
"437","Drew Lock","SEA","8","QB60","415","","","372","","","393.5",""
"438","Dontrell Hilliard","","","RB103","","266","","","","","266.0",""
"439","Mitchell Evans","CAR","14","TE60","266","","","557","","529","450.7",""
"440","Binjimen Victor","","","WR143","","267","","","","","267.0",""
"441","Beaux Collins","NYG","14","WR144","268","","","717","","","492.5",""
"442","Mason Crosby","","","K42","271","","","","","","271.0",""
"443","Dominic Lovett","DET","8","WR145","363","","","797","","431","530.3",""
"444","Jahdae Walker","CHI","5","WR146","272","","","789","","","530.5",""
"445","Devontez Walker","BAL","7","WR147","366","","","463","","488","439.0",""
"446","Gunnar Helm","TEN","10","TE61","310","","","561","","485","452.0",""
"447","Matt Colburn","II","","RB104","","274","","","","","274.0",""
"448","Dominique Dafney","","","TE62","275","","","","","","275.0",""
"449","Eddy Pineiro","SF","14","K43","312","","","486","","","399.0",""
"450","Sterling Shepard","TB","9","WR148","449","","","349","","","399.0",""
"451","Frank Gore Jr.","BUF","7","RB105","370","","","428","","","399.0",""
"452","Jeremy McNichols","WAS","12","RB106","","","","391","","408","399.5",""
"453","Jamal Custis","","","WR149","","278","","","","","278.0",""
"454","Trevon Clark","","","WR150","","280","","","","","280.0",""
"455","D.J. Montgomery","IND","11","WR151","308","","","494","","","401.0",""
"456","Tommy DeVito","NE","14","QB61","280","","","531","","","405.5",""
"457","Ricky White III","SEA","8","WR152","467","","","581","","337","461.7",""
"458","Mo Alie-Cox","IND","11","TE63","378","","","438","","512","442.7",""
"459","Cam Akers","MIN","6","RB107","431","","","449","","448","442.7",""
"460","Kennedy Brooks","","","RB108","","286","","","","","286.0",""
"461","Patrick Ricard","BAL","7","RB109","400","","","408","","","404.0",""
"462","Donovan Edwards","WAS","12","RB110","313","","","537","","495","448.3",""
"463","Dalvin Cook","","","RB111","287","","","","","","287.0",""
"464","Myron Mitchell","","","WR153","","288","","","","","288.0",""
"465","Austin Seibert","","","K44","420","","","","","390","405.0",""
"466","Darrell Stewart Jr.","","","WR154","","290","","","","","290.0",""
"467","Riley Patterson","MIA","12","K45","359","","","453","","","406.0",""
"468","Artavis Pierce","","","RB112","","293","","","","","293.0",""
"469","Noah Brown","WAS","12","WR155","","","","369","","446","407.5",""
"470","Scotty Miller","PIT","5","WR156","404","","","445","","489","446.0",""
"471","Ezekiel Elliott","","","RB113","295","","","","","","295.0",""
"472","John Bates","WAS","12","TE64","298","","","658","","","478.0",""
"473","Darrell Henderson Jr.","","","RB114","299","","","","","","299.0",""
"474","Dion Lewis","","","RB115","","300","","","","","300.0",""
"475","Josh Reynolds","NYJ","9","WR157","","","","480","","342","411.0",""
"476","Trey Lance","LAC","12","QB62","408","","","416","","","412.0",""
"477","Cam Miller","LV","8","QB63","302","","","609","","","455.5",""
"478","Cade Stover","HOU","6","TE65","332","","","543","","493","456.0",""
"479","C.J. Ham","MIN","6","RB116","390","","","436","","","413.0",""
"480","Codey McElroy","","","TE66","","305","","","","","305.0",""
"481","Caleb Scott","","","WR158","","307","","","","","307.0",""
"482","Jermaine Burton","CIN","10","WR159","451","383","","541","","517","473.0",""
"483","Ja'Corey Brooks","WAS","12","WR160","307","","","800","","","553.5",""
"484","Justin Watson","HOU","6","WR161","421","","","410","","","415.5",""
"485","Matt Prater","BUF","7","K46","361","","","471","","","416.0",""
"486","Carson Steele","KC","10","RB117","489","","","345","","","417.0",""
"487","Zane Gonzalez","","","K47","377","","","479","","500","452.0",""
"488","Stetson Bennett IV","LAR","8","QB64","339","","","521","","497","452.3",""
"489","Darrel Williams","","","RB118","","314","","","","","314.0",""
"490","Leonard Fournette","","","RB119","424","","","","","412","418.0",""
"491","Sam Howell","PHI","9","QB65","387","","","677","","450","504.7",""
"492","Josh Williams","TB","9","RB120","315","","","746","","","530.5",""
"493","Drew Sample","CIN","10","TE67","425","","","413","","","419.0",""
"494","Tyson Bagent","CHI","5","QB66","317","","","529","","","423.0",""
"495","Marcus Martin","","","OL1","","318","","","","","318.0",""
"496","Brandon Allen","TEN","10","QB67","364","","","476","","","420.0",""
"497","Kylen Granson","PHI","9","TE68","389","","","451","","","420.0",""
"498","Chandler Brayboy","JAC","8","WR162","321","","","","","","321.0",""
"499","Jaylin Lane","WAS","12","WR163","384","","","555","","459","466.0",""
"500","Kadarius Toney","","","WR164","392","","","452","","","422.0",""
"501","Corey Kiner","SF","14","RB121","322","","","639","","","480.5",""
"502","Jason Brownlee","KC","10","WR165","447","","","","","398","422.5",""
"503","Tai Felton","MIN","6","WR166","","","","524","","323","423.5",""
"504","Jamire Jordan","","","WR167","","325","","","","","325.0",""
"505","Gabe Davis","BUF","7","WR168","","","","","","325","325.0",""
"506","Chris Brooks","GB","5","RB122","","","","423","","426","424.5",""
"507","Lucky Jackson","MIN","6","WR169","330","","","540","","","435.0",""
"508","Marcus Mariota","WAS","12","QB68","499","","","435","","440","458.0",""
"509","Teddy Bridgewater","TB","9","QB69","331","","","563","","","447.0",""
"510","Daniel Helm","","","TE69","","332","","","","","332.0",""
"511","Brett Maher","","","K48","333","","","","","","333.0",""
"512","Kirk Merritt","","","WR170","334","","","","","","334.0",""
"513","George Holani","SEA","8","RB123","430","","","427","","","428.5",""
"514","Andy Dalton","CAR","14","QB70","453","","","404","","523","460.0",""
"515","Theo Wease Jr.","MIA","12","WR171","337","","","","","","337.0",""
"516","Zach Wilson","MIA","12","QB71","367","","","655","","492","504.7",""
"517","Michael Badgley","","","K49","340","","","","","","340.0",""
"518","Anders Carlson","","","K50","","","","400","","465","432.5",""
"519","Kenjon Barner","","","RB124","","344","","","","","344.0",""
"520","Anthony Jones","","","RB125","","345","","","","","345.0",""
"521","Lenny Krieg","ATL","5","K51","","","","346","","","346.0",""
"522","Tyler Badie","DEN","12","RB126","362","","","506","","","434.0",""
"523","Tommy Tremble","CAR","14","TE70","397","","","503","","490","463.3",""
"524","Bryan Edwards","","","WR172","","347","","","","","347.0",""
"525","Mark McNamee","GB","5","K52","","","","489","","380","434.5",""
"526","Tylan Wallace","BAL","7","WR173","473","","","396","","","434.5",""
"527","Theo Riddick","","","RB127","","348","","","","","348.0",""
"528","Jordan Travis","","","QB72","348","","","","","","348.0",""
"529","Isaiah Bond","CLE","9","WR174","","","","475","","395","435.0",""
"530","Caleb Lohner","DEN","12","TE71","349","","","896","","","622.5",""
"531","Alex Smith","","","QB73","","","","","","350","350.0",""
"532","Earnest Edwards","IV","","WR175","","350","","","","","350.0",""
"533","David Moore","CAR","14","WR176","","","","371","","501","436.0",""
"534","Raheim Sanders","CLE","9","RB128","350","","","632","","","491.0",""
"535","Marshawn Lynch","","","RB129","","","","","","352","352.0",""
"536","Le","","'Veon Bell","","","RB130","","","","","","354","354.0",""
"537","Van Jefferson","TEN","10","WR177","","","","394","","482","438.0",""
"538","Rasheen Ali","BAL","7","RB131","414","","","462","","","438.0",""
"539","Luke Farrell","SF","14","TE72","356","","","648","","","502.0",""
"540","Lamar Miller","","","RB132","","","","","","357","357.0",""
"541","Isaac","Rex","","TE73","","357","","","","","357.0",""
"542","Deuce Vaughn","DEN","12","RB133","470","","","418","","513","467.0",""
"543","Jha","","'Quan Jackson","","","WR178","","","","","","358","358.0",""
"544","T.Y. Hilton","","","WR179","","","","","","361","361.0",""
"545","Jordan Moore","CIN","10","WR180","","","","885","","362","623.5",""
"546","George Campbell","","","WR181","","","","","","363","363.0",""
"547","Noah Cain","","","RB134","","363","","","","","363.0",""
"548","Kendall Milton","CIN","10","RB135","","","","759","","364","561.5",""
"549","Marcus Major Jr.","","","RB136","","","","786","","365","575.5",""
"550","Kazmeir Allen","","","WR182","","","","733","","367","550.0",""
"551","Garrett Greene","TB","9","WR183","","","","","","368","368.0",""
"552","Sione Vaki","DET","8","RB137","426","","","464","","","445.0",""
"553","Charlie Jones","CIN","10","WR184","368","","","693","","","530.5",""
"554","Cole Beasley","","","WR185","","","","","","369","369.0",""
"555","Robert Foster","","","WR186","","369","","","","","369.0",""
"556","Nikko Remigio","KC","10","WR187","369","","","532","","","450.5",""
"557","Ellis Merriweather","","","RB138","","","","","","370","370.0",""
"558","John FitzPatrick","GB","5","TE74","439","","","454","","","446.5",""
"559","Jalen White","","","RB139","","","","559","","371","465.0",""
"560","John Franklin","III","","WR188","","372","","","","","372.0",""
"561","Robert Woods","","","WR189","","","","389","","505","447.0",""
"562","A.J. Green","","","WR190","","","","","","373","373.0",""
"563","Derius Davis","LAC","12","WR191","373","","","525","","","449.0",""
"564","Kaden Smith","","","TE75","","374","","","","","374.0",""
"565","Ted Ginn Jr.","","","WR192","","","","","","375","375.0",""
"566","Julio Jones","","","WR193","375","","","","","","375.0",""
"567","Devin Gray","","","WR194","","375","","","","","375.0",""
"568","Jeff Badet","","","WR195","","376","","","","","376.0",""
"569","Riley Leonard","IND","11","QB74","376","","","608","","","492.0",""
"570","Avery Williams","","","RB140","","","","641","","376","508.5",""
"571","Deon Yelder","","","TE76","","378","","","","","378.0",""
"572","Jalen Guyton","","","WR196","","379","","","","","379.0",""
"573","Anthony Brown Jr.","","","QB75","379","","","","","","379.0",""
"574","Lil'Jordan Humphrey","NYG","14","WR197","460","","","443","","","451.5",""
"575","Ben DiNucci","","","QB76","381","","","618","","","499.5",""
"576","Nick Kallerup","SEA","8","TE77","","","","756","","381","568.5",""
"577","Zay Jones","ARI","8","WR198","435","","","574","","469","492.7",""
"578","Michael Pratt","","","QB77","383","","","","","","383.0",""
"579","Patrick Herbert","JAC","8","TE78","","","","564","","383","473.5",""
"580","Colby Parkinson","LAR","8","TE79","492","","","415","","520","475.7",""
"581","Ian Book","","","QB78","","","","","","385","385.0",""
"582","Jason Witten","","","TE80","","","","","","386","386.0",""
"583","Brycen Tremayne","CAR","14","WR199","386","","","","","","386.0",""
"584","Wendell Smallwood","","","RB141","","","","","","387","387.0",""
"585","Randy Bullock","","","K53","388","","","","","","388.0",""
"586","Konata Mumpfield","LAR","8","WR200","","","","621","","388","504.5",""
"587","Cam Newton","","","QB79","","","","","","389","389.0",""
"588","Josh Johnson","WAS","12","QB80","479","","","433","","","456.0",""
"589","Tanner Brown","","","K54","391","","","","","","391.0",""
"590","Mecole Hardman Jr.","GB","5","WR201","","","","441","","472","456.5",""
"591","Bryce Pierre","CAR","14","TE81","","","","883","","391","637.0",""
"592","Jashaun Corbin","","","RB142","","","","","","392","392.0",""
"593","Tommy Mellott","NO","11","WR202","","","","694","","393","543.5",""
"594","Giovani Bernard","","","RB143","","","","","","394","394.0",""
"595","Cade York","","","K55","461","","","455","","","458.0",""
"596","Jake Funk","","","RB144","395","","","","","","395.0",""
"597","Thomas Fidone II","NYG","14","TE82","493","","","642","","425","520.0",""
"598","Tim Tebow","","","TE83","","","","","","397","397.0",""
"599","John Samuel Shenker","","","TE84","398","","","","","","398.0",""
"600","Charlie Kolar","BAL","7","TE85","413","","","507","","","460.0",""
"601","Cedrick Wilson Jr.","","","WR203","","","","488","","432","460.0",""
"602","Hendon Hooker","CAR","14","QB81","405","","","518","","","461.5",""
"603","Zach Horton","DET","8","TE86","","","","900","","401","650.5",""
"604","Luke Stocker","","","TE87","","","","","","402","402.0",""
"605","Jared Wiley","KC","10","TE88","402","","","544","","","473.0",""
"606","Colson Yankoff","WAS","12","TE89","403","","","780","","","591.5",""
"607","Phil Mafah","DAL","10","RB145","","","","795","","404","599.5",""
"608","Rob Gronkowski","","","TE90","","","","","","405","405.0",""
"609","Robert Griffin","III","","QB82","","","","","","407","407.0",""
"610","Joshua Cephus","JAC","8","WR204","409","","","857","","","633.0",""
"611","Baylor Cupp","","","TE91","410","","","762","","","586.0",""
"612","Bryce Ford-Wheaton","NYG","14","WR205","411","","","","","","411.0",""
"613","Dillon Gabriel","CLE","9","QB83","","","","469","","464","466.5",""
"614","Luke Lachey","HOU","6","TE92","412","","","","","","412.0",""
"615","Kalel Mullings","TEN","10","RB146","","","","","","416","416.0",""
"616","Terrace Marshall Jr.","PHI","9","WR206","","","","502","","436","469.0",""
"617","Greg Dortch","ARI","8","WR207","","","","442","","496","469.0",""
"618","Hassan Haskins","LAC","12","RB147","","","","417","","","417.0",""
"619","Gus Edwards","","","RB148","417","","","592","","","504.5",""
"620","Kameron Johnson","TB","9","WR208","418","","","778","","","598.0",""
"621","Ben VanSumeren","PHI","9","LB1","419","","","712","","","565.5",""
"622","Cam Grandy","CIN","10","TE93","","","","767","","419","593.0",""
"623","E.J. Jenkins","PHI","9","TE94","","","","421","","","421.0",""
"624","Nick Mullens","JAC","8","QB84","","","","577","","421","499.0",""
"625","Jaren Hall","","","QB85","422","","","","","","422.0",""
"626","Hunter Luepke","DAL","10","RB149","","","","422","","","422.0",""
"627","Ben Skowronek","PIT","5","WR209","440","","","504","","","472.0",""
"628","Andrew Beck","NYJ","9","TE95","423","","","816","","","619.5",""
"629","Ainias Smith","CAR","14","WR210","","","","426","","","426.0",""
"630","Trey Sermon","PIT","5","RB150","","","","505","","443","474.0",""
"631","Tyrod Taylor","NYJ","9","QB86","","","","470","","479","474.5",""
"632","Jonathon Brooks","CAR","14 ","RB151","427","","","738","","","582.5",""
"633","Isaiah Neyor","GB","5","WR211","429","","","","","","429.0",""
"634","Jamari Thrash","CLE","9","WR212","","","","740","","430","585.0",""
"635","Jackson Hawes","BUF","7","TE96","432","","","879","","","655.5",""
"636","Arian Smith","NYJ","9","WR213","448","","","722","","507","559.0",""
"637","Ian Thomas","LV","8","TE97","469","","","487","","","478.0",""
"638","Devin Leary","","","QB87","434","","","737","","","585.5",""
"639","Julius Chestnut","TEN","10","RB152","","","","515","","442","478.5",""
"640","Jamaal Williams","","","RB153","477","","","481","","","479.0",""
"641","Robbie Ouzts","SEA","8","TE98","436","","","542","","","489.0",""
"642","Matt Ammendola","","","K56","437","","","","","","437.0",""
"643","Tyree Jackson","WAS","12","TE99","","","","814","","437","625.5",""
"644","Nick Nash","ATL","5","WR214","438","","","","","525","481.5",""
"645","Jonathan Mingo","DAL","10","WR215","491","","","516","","476","494.3",""
"646","Tahj Washington","MIA","12","WR216","441","","","747","","","594.0",""
"647","Max Duggan","","","QB88","442","","","","","","442.0",""
"648","Brady Russell","SEA","8","TE100","443","","","713","","","578.0",""
"649","Jacob Kibodi","","","RB154","444","","","","","","444.0",""
"650","Tanner Hudson","CIN","10","TE101","480","","","","","486","483.0",""
"651","Robert Tonyan","KC","10","TE102","482","","","484","","","483.0",""
"652","Gavin Bartholomew","MIN","6","TE103","445","","","613","","","529.0",""
"653","Darrell Daniels","","","TE104","446","","","","","","446.0",""
"654","Clyde Edwards-Helaire","KC","10","RB155","","","","448","","","448.0",""
"655","Michael Carter","ARI","8","RB156","","","","654","","449","551.5",""
"656","James Robinson","","","RB157","450","","","","","","450.0",""
"657","Rashaad Penny","","","RB158","452","","","","","","452.0",""
"658","Dylan Laube","LV","8","RB159","454","","","","","","454.0",""
"659","Travis Homer","CHI","5","RB160","484","","","493","","","488.5",""
"660","Malik Heath","GB","5","WR217","455","","","709","","","582.0",""
"661","Tyler Goodson","IND","11","RB161","","","","456","","","456.0",""
"662","Emari Demercado","ARI","8","RB162","","","","535","","457","496.0",""
"663","Sincere McCormick","SF","14","RB163","","","","458","","","458.0",""
"664","Tre Watson","KC","10","TE105","","","","459","","","459.0",""
"665","Jeremy Ruckert","NYJ","9","TE106","468","","","513","","","490.5",""
"666","Dorian Thompson-Robinson","","","QB89","","","","460","","","460.0",""
"667","Aidan O'Connell","LV","8","QB90","","","","461","","","461.0",""
"668","Xavier Hutchinson","HOU","6","WR218","463","","","520","","","491.5",""
"669","Skylar Thompson","PIT","5","QB91","472","","","511","","","491.5",""
"670","Nathan Peterman","","","QB92","462","","","","","","462.0",""
"671","Chris Evans","","","RB164","464","","","","","","464.0",""
"672","Nathan Carter","ATL","5","RB165","465","","","","","","465.0",""
"673","Gary Brightwell","CIN","10","RB166","466","","","822","","","644.0",""
"674","KhaDarel Hodge","ATL","5","WR219","","","","593","","467","530.0",""
"675","Terrell Jennings","NE","14","RB167","","","","468","","","468.0",""
"676","Keaontay Ingram","KC","10","RB168","471","","","","","","471.0",""
"677","Isaiah Davis","NYJ","9","RB169","","","","547","","471","509.0",""
"678","Cordarrelle Patterson","","","RB170","","","","472","","","472.0",""
"679","Michael Burton","DEN","12","RB171","","","","473","","","473.0",""
"680","Jacoby Brissett","ARI","8","QB93","","","","474","","","474.0",""
"681","Durham Smythe","CHI","5","TE107","474","","","585","","","529.5",""
"682","Melvin Gordon","III","","RB172","475","","","","","","475.0",""
"683","Nate Sudfeld","","","QB94","","","","477","","","477.0",""
"684","Eric Saubert","SEA","8","TE108","","","","478","","","478.0",""
"685","Foster Moreau","NO","11","TE109","","","","492","","508","500.0",""
"686","Gage Larvadain","CLE","9","WR220","","","","890","","478","684.0",""
"687","Brenden Rice","","","WR221","481","","","755","","","618.0",""
"688","Johnny Mundt","JAC","8","TE110","","","","482","","","482.0",""
"689","Damien Harris","","","RB173","483","","","","","","483.0",""
"690","Kendrick Bourne","SF","14","WR222","","","","483","","530","506.5",""
"691","Dare Ogunbowale","HOU","6","RB174","","","","485","","","485.0",""
"692","Davis Allen","LAR","8","TE111","485","","","523","","","504.0",""
"693","Trent Taylor","SF","14","WR223","486","","","","","","486.0",""
"694","DeAndre Carter","CLE","9","WR224","","","","569","","487","528.0",""
"695","Shane Zylstra","DET","8","TE112","487","","","662","","","574.5",""
"696","Reggie Gilliam","BUF","7","RB175","488","","","633","","","560.5",""
"697","Caden Prieskorn","","","TE113","","","","490","","","490.0",""
"698","Payne Durham","TB","9","TE114","490","","","528","","","509.0",""
"699","Alec Ingold","MIA","12","RB176","","","","491","","","491.0",""
"700","Trent Sherfield Sr.","DEN","12","WR225","","","","591","","494","542.5",""
"701","Jakob Johnson","HOU","6","RB177","","","","495","","","495.0",""
"702","Brayden Narveson","","","K57","495","","","","","","495.0",""
"703","Logan Thomas","","","TE115","496","","","","","","496.0",""
"704","Ben Sauls","","","K58","","","","497","","","497.0",""
"705","Jonathan Ward","","","RB178","","","","498","","","498.0",""
"706","Tanner Conner","MIA","12","TE116","498","","","","","","498.0",""
"707","Chase Claypool","","","WR226","","","","499","","","499.0",""
"708","Jordan Watkins","SF","14","WR227","","","","636","","499","567.5",""
"709","Byron Pringle","","","WR228","500","","","","","","500.0",""
"710","Tyler Johnson","NYJ","9","WR229","","","","500","","526","513.0",""
"711","Tim Jones","MIN","6","WR230","","","","501","","","501.0",""
"712","Kimani Vidal","LAC","12","RB179","","","","549","","502","525.5",""
"713","Trey Palmer","NO","11","WR231","","","","527","","506","516.5",""
"714","Mitch Van Vooren","","","WR232","","","","508","","","508.0",""
"715","Josh Whyle","GB","5","TE117","","","","519","","511","515.0",""
"716","Drew Ogletree","IND","11","TE118","","","","509","","","509.0",""
"717","Chimere Dike","TEN","10","WR233","","","","804","","509","656.5",""
"718","Pierre Strong Jr.","GB","5","RB180","","","","512","","","512.0",""
"719","Maddux Trujillo","","","K59","","","","514","","","514.0",""
"720","Jalen Brooks","DAL","10","WR234","","","","517","","","517.0",""
"721","Jalin Conyers","MIA","12","TE119","","","","","","519","519.0",""
"722","David Bell","CLE","9","WR235","","","","833","","521","677.0",""
"723","Ronnie Bell","DET","8","WR236","","","","526","","","526.0",""
"724","Nate Adkins","DEN","12","TE120","","","","534","","","534.0",""
"725","Ryan Miller","TB","9","WR237","","","","538","","","538.0",""
"726","Jaheim Bell","","","TE121","","","","545","","","545.0",""
"727","Charlie Smyth","NO","11","K60","","","","546","","","546.0",""
"728","Jacardia Wright","SEA","8","RB181","","","","548","","","548.0",""
"729","Jacob Cowing","SF","14","WR238","","","","550","","","550.0",""
"730","Devin Culp","TB","9","TE122","","","","551","","","551.0",""
"731","Brevyn Spann-Ford","DAL","10","TE123","","","","552","","","552.0",""
"732","Bryce Oliver","TEN","10","WR239","","","","553","","","553.0",""
"733","Terique Owens","","","WR240","","","","554","","","554.0",""
"734","Jonathan","Kim","","K61","","","","558","","","558.0",""
"735","Case Keenum","CHI","5","QB95","","","","562","","","562.0",""
"736","Phillip Dorsett II","LV","8","WR241","","","","566","","","566.0",""
"737","Silas Bolden","","","WR242","","","","567","","","567.0",""
"738","Trevor Siemian","TEN","10","QB96","","","","568","","","568.0",""
"739","Taylor Heinicke","","","QB97","","","","570","","","570.0",""
"740","Chris Moore","WAS","12","WR243","","","","571","","","571.0",""
"741","Laquon Treadwell","IND","11","WR244","","","","572","","","572.0",""
"742","Robbie Chosen","","","WR245","","","","573","","","573.0",""
"743","Jamal Agnew","ATL","5","WR246","","","","575","","","575.0",""
"744","Zach Pascal","","","WR247","","","","576","","","576.0",""
"745","Pharaoh Brown","","","TE124","","","","578","","","578.0",""
"746","Royce Freeman","","","RB182","","","","579","","","579.0",""
"747","Michael Gallup","","","WR248","","","","580","","","580.0",""
"748","John Kelly Jr.","","","RB183","","","","582","","","582.0",""
"749","Anthony Miller","BAL","7","WR249","","","","583","","","583.0",""
"750","Dante Pettis","","","WR250","","","","584","","","584.0",""
"751","Jeff Wilson Jr.","MIA","12","RB184","","","","586","","","586.0",""
"752","Elijhah Badger","","","WR251","","","","588","","","588.0",""
"753","Russell Gage Jr.","SF","14","WR252","","","","589","","","589.0",""
"754","Tim Boyle","","","QB98","","","","590","","","590.0",""
"755","Trayveon Williams","","","RB185","","","","596","","","596.0",""
"756","Miles Boykin","CHI","5","WR253","","","","597","","","597.0",""
"757","Ashton Dulin","IND","11","WR254","","","","599","","","599.0",""
"758","Irv Smith Jr.","HOU","6","TE125","","","","600","","","600.0",""
"759","Jimmy Holiday","KC","10","WR255","","","","601","","","601.0",""
"760","Trenton Irwin","","","WR256","","","","602","","","602.0",""
"761","Juwann Winfree","","","WR257","","","","603","","","603.0",""
"762","Malik Taylor","","","WR258","","","","604","","","604.0",""
"763","Steven Sims Jr.","","","WR259","","","","605","","","605.0",""
"764","Elijah Young","","","RB186","","","","606","","","606.0",""
"765","Tom Kennedy","DET","8","WR260","","","","607","","","607.0",""
"766","Devin Duvernay","CHI","5","WR261","","","","610","","","610.0",""
"767","Tyler Huntley","BAL","7","QB99","","","","611","","","611.0",""
"768","Ketron Jackson Jr.","","","WR262","","","","612","","","612.0",""
"769","Isaiah Hodgins","PIT","5","WR263","","","","614","","","614.0",""
"770","Giovanni Ricci","","","TE126","","","","615","","","615.0",""
"771","Scotty Washington","","","WR264","","","","616","","","616.0",""
"772","Harrison Bryant","HOU","6","TE127","","","","617","","","617.0",""
"773","KJ Hamler","","","WR265","","","","619","","","619.0",""
"774","Albert Okwuegbunam Jr.","LV","8","TE128","","","","620","","","620.0",""
"775","Ajou Ajou","","","WR266","","","","622","","","622.0",""
"776","Laviska Shenault Jr.","","","WR267","","","","623","","","623.0",""
"777","Cody White","SEA","8","WR268","","","","624","","","624.0",""
"778","Roc Taylor","","","WR269","","","","625","","","625.0",""
"779","Bryce Perkins","","","QB100","","","","626","","","626.0",""
"780","K.J. Osborn","","","WR270","","","","627","","","627.0",""
"781","Jalen Reagor","","","WR271","","","","628","","","628.0",""
"782","JaMycal Hasty","MIA","12","RB187","","","","629","","","629.0",""
"783","Charlie Woerner","ATL","5","TE129","","","","630","","","630.0",""
"784","DeeJay Dallas","CAR","14","RB188","","","","631","","","631.0",""
"785","DJ Uiagalelei","LAC","12","QB101","","","","634","","","634.0",""
"786","Lawrence Cager","WAS","12","WR272","","","","635","","","635.0",""
"787","Tarik Black","","","WR273","","","","637","","","637.0",""
"788","Deon Jackson","","","RB189","","","","638","","","638.0",""
"789","Kenny Yeboah","DET","8","TE130","","","","640","","","640.0",""
"790","Simi Fehoko","ARI","8","WR274","","","","643","","","643.0",""
"791","Dez Fitzpatrick","","","WR275","","","","644","","","644.0",""
"792","Davis Mills","HOU","6","QB102","","","","646","","","646.0",""
"793","Sam Ehlinger","DEN","12","QB103","","","","647","","","647.0",""
"794","Cornell Powell","","","WR276","","","","649","","","649.0",""
"795","Hunter Long","JAC","8","TE131","","","","651","","","651.0",""
"796","Zach Davidson","","","TE132","","","","652","","","652.0",""
"797","Kene Nwangwu","NYJ","9","RB190","","","","653","","","653.0",""
"798","Dee Eskridge","MIA","12","WR277","","","","656","","","656.0",""
"799","Kyle Trask","","","QB104","","","","657","","","657.0",""
"800","Winston Wright","","","WR278","","","","659","","","659.0",""
"801","Jack Stoll","NO","11","TE133","","","","660","","","660.0",""
"802","Jaret Patterson","","","RB191","","","","661","","","661.0",""
"803","Desmond Ridder","MIN","6","QB105","","","","663","","","663.0",""
"804","Velus Jones Jr.","NO","11","WR279","","","","664","","","664.0",""
"805","Jake Tonges","SF","14","TE134","","","","665","","","665.0",""
"806","Michael Woods","II","","WR280","","","","666","","","666.0",""
"807","Greg Dulcich","MIA","12","TE135","","","","667","","","667.0",""
"808","Jelani Woods","NYJ","9","TE136","","","","669","","","669.0",""
"809","Brittain Brown","CHI","5","RB192","","","","670","","","670.0",""
"810","Nick Muse","","","TE137","","","","671","","","671.0",""
"811","Zonovan Knight","ARI","8","RB193","","","","672","","","672.0",""
"812","Britain Covey","PHI","9","WR281","","","","673","","","673.0",""
"813","Tyrion Davis-Price","","","RB194","","","","674","","","674.0",""
"814","Bo Melton","GB","5","WR282","","","","675","","","675.0",""
"815","Dareke Young","SEA","8","WR283","","","","676","","","676.0",""
"816","Aaron Shampklin","","","RB195","","","","678","","","678.0",""
"817","Brandon Johnson","","","WR284","","","","680","","","680.0",""
"818","LeQuint Allen Jr.","JAC","8","RB196","","","","681","","","681.0",""
"819","Kevin Austin Jr.","NO","11","WR285","","","","682","","","682.0",""
"820","Graham Mertz","HOU","6","QB106","","","","683","","","683.0",""
"821","Braylon Sanders","","","WR286","","","","684","","","684.0",""
"822","Lucas Krull","DEN","12","TE138","","","","685","","","685.0",""
"823","Jake Briningstool","KC","10","TE139","","","","686","","","686.0",""
"824","Ronnie Rivers","LAR","8","RB197","","","","687","","","687.0",""
"825","Stone Smartt","NYJ","9","TE140","","","","688","","","688.0",""
"826","Tucker Fisk","LAC","12","TE141","","","","689","","","689.0",""
"827","Raheem Blackshear","","","RB198","","","","690","","","690.0",""
"828","Justin Shorter","LV","8","WR287","","","","691","","","691.0",""
"829","Ja'Quinden Jackson","JAC","8","RB199","","","","692","","","692.0",""
"830","Key","","'Shawn Smith","","","WR288","","","","695","","","695.0",""
"831","Evan Hull","","","RB200","","","","697","","","697.0",""
"832","Will Mallory","IND","11","TE142","","","","698","","","698.0",""
"833","Zach Evans","","","RB201","","","","699","","","699.0",""
"834","Xavier Smith","LAR","8","WR289","","","","700","","","700.0",""
"835","Jake Haener","NO","11","QB107","","","","701","","","701.0",""
"836","Eric Gray","NYG","14","RB202","","","","702","","","702.0",""
"837","Max Brosmer","MIN","6","QB108","","","","703","","","703.0",""
"838","Israel Abanikanda","","","RB203","","","","704","","","704.0",""
"839","Brayden Willis","SF","14","TE143","","","","705","","","705.0",""
"840","Brock Lampe","NE","14","RB204","","","","708","","","708.0",""
"841","Zavier Scott","MIN","6","RB205","","","","710","","","710.0",""
"842","Xavier Gipson","","","WR290","","","","711","","","711.0",""
"843","Carlos Washington Jr.","ATL","5","RB206","","","","714","","","714.0",""
"844","Jordan Mims","TEN","10","RB207","","","","715","","","715.0",""
"845","Shedrick Jackson","LV","8","WR291","","","","716","","","716.0",""
"846","Jalen Cropper","DAL","10","WR292","","","","718","","","718.0",""
"847","Princeton Fant","DAL","10","TE144","","","","719","","","719.0",""
"848","Brady Cook","NYJ","9","QB109","","","","720","","","720.0",""
"849","Elijah Cooks","","","WR293","","","","723","","","723.0",""
"850","Blake Whiteheart","CLE","9","TE145","","","","724","","","724.0",""
"851","Ben Sims","GB","5","TE146","","","","725","","","725.0",""
"852","Max Hurleman","PIT","5","CB1","","","","726","","","726.0",""
"853","Malik Knowles","","","WR294","","","","727","","","727.0",""
"854","Johnny Lumpkin","","","TE147","","","","728","","","728.0",""
"855","JJ Galbreath","","","TE148","","","","729","","","729.0",""
"856","ShunDerrick Powell","","","RB208","","","","730","","","730.0",""
"857","Rakim Jarrett","","","WR295","","","","732","","","732.0",""
"858","Ben Wooldridge","","","QB110","","","","734","","","734.0",""
"859","Jase McClellan","","","RB209","","","","735","","","735.0",""
"860","Casey Washington","ATL","5","WR296","","","","736","","","736.0",""
"861","Erick All Jr.","CIN","10","TE149","","","","739","","","739.0",""
"862","Ryan Flournoy","DAL","10","WR297","","","","741","","","741.0",""
"863","Ryan","Coe","","K62","","","","742","","","742.0",""
"864","Jawhar Jordan","HOU","6","RB210","","","","743","","","743.0",""
"865","Anthony Gould","IND","11","WR298","","","","744","","","744.0",""
"866","Keilan Robinson","NYJ","9","RB211","","","","745","","","745.0",""
"867","Javon Baker","PHI","9","WR299","","","","748","","","748.0",""
"868","Bub Means","NO","11","WR300","","","","750","","","750.0",""
"869","Dante Miller","NYG","14","RB212","","","","751","","","751.0",""
"870","Malachi Corley","CLE","9","WR301","","","","752","","","752.0",""
"871","Tip Reiman","ARI","8","TE150","","","","754","","","754.0",""
"872","Jarveon Howard","","","RB213","","","","757","","","757.0",""
"873","Junior Bergen","SF","14","WR302","","","","758","","","758.0",""
"874","Emory Jones","ATL","5","QB111","","","","760","","","760.0",""
"875","Emani Bailey","","","RB214","","","","761","","","761.0",""
"876","JaQuae Jackson","LAC","12","WR303","","","","763","","","763.0",""
"877","Brenden Bates","HOU","6","TE151","","","","764","","","764.0",""
"878","Austin Reed","","","QB112","","","","765","","","765.0",""
"879","Ian Wheeler","","","RB215","","","","766","","","766.0",""
"880","Blake Watson","","","RB216","","","","768","","","768.0",""
"881","Thomas Yassmin","LAC","12","TE152","","","","769","","","769.0",""
"882","Isaiah Williams","NYJ","9","WR304","","","","770","","","770.0",""
"883","Phil Lutz","","","WR305","","","","771","","","771.0",""
"884","Mason Tipton","NO","11","WR306","","","","773","","","773.0",""
"885","Xavier Weaver","ARI","8","WR307","","","","774","","","774.0",""
"886","Jabari Small","","","RB217","","","","775","","","775.0",""
"887","Tanner Mordecai","","","QB113","","","","776","","","776.0",""
"888","Cody Schrader","JAC","8","RB218","","","","777","","","777.0",""
"889","Sam Hartman","WAS","12","QB114","","","","779","","","779.0",""
"890","British Brooks","HOU","6","RB219","","","","781","","","781.0",""
"891","Shawn Bowman","","","TE153","","","","782","","","782.0",""
"892","Alex Hale","","","K63","","","","783","","","783.0",""
"893","Jahmal Banks","","","WR308","","","","785","","","785.0",""
"894","Kayron Lynch-Adams","","","RB220","","","","787","","","787.0",""
"895","Deion Hankins","CHI","5","RB221","","","","788","","","788.0",""
"896","Quali Conley","","","RB222","","","","790","","","790.0",""
"897","Jamoi Mayes","","","WR309","","","","791","","","791.0",""
"898","Ahmani Marshall","CLE","9","RB223","","","","792","","","792.0",""
"899","Rivaldo Fairweather","DAL","10","TE154","","","","793","","","793.0",""
"900","Traeshon Holden","DAL","10","WR310","","","","794","","","794.0",""
"901","Courtney Jackson","SEA","8","WR311","","","","796","","","796.0",""
"902","Jackson Meeks","DET","8","WR312","","","","798","","","798.0",""
"903","Amar Johnson","LAC","12","RB224","","","","801","","","801.0",""
"904","Micah Bernard","","","RB225","","","","803","","","803.0",""
"905","Tyler Boyd","","","WR313","","","","805","","","805.0",""
"906","Gerald Everett","","","TE155","","","","806","","","806.0",""
"907","DJ Chark Jr.","","","WR314","","","","807","","","807.0",""
"908","Ross Dwelley","DET","8","TE156","","","","808","","","808.0",""
"909","Mike Boone","","","RB226","","","","809","","","809.0",""
"910","Keith Kirkwood","BAL","7","WR315","","","","810","","","810.0",""
"911","Malik Turner","SF","14","WR316","","","","811","","","811.0",""
"912","Myles Gaskin","","","RB227","","","","812","","","812.0",""
"913","Will Grier","DAL","10","QB115","","","","813","","","813.0",""
"914","Kelvin Harmon","","","WR317","","","","815","","","815.0",""
"915","Andy Isabella","","","WR318","","","","817","","","817.0",""
"916","Brett Rypien","CIN","10","QB116","","","","818","","","818.0",""
"917","David Sills V","ATL","5","WR319","","","","819","","","819.0",""
"918","Ihmir Smith-Marsette","NYG","14","WR320","","","","820","","","820.0",""
"919","Kawaan Baker","","","WR321","","","","821","","","821.0",""
"920","Tre","","' McKitty","","","TE157","","","","824","","","824.0",""
"921","Quintin Morris","JAC","8","TE158","","","","825","","","825.0",""
"922","Feleipe Franks","ATL","5","QB117","","","","826","","","826.0",""
"923","Brandon Smith","NYJ","9","WR322","","","","827","","","827.0",""
"924","Adam Prentice","DEN","12","RB228","","","","828","","","828.0",""
"925","Shane Buechele","BUF","7","QB118","","","","829","","","829.0",""
"926","Michael Bandy","DEN","12","WR323","","","","830","","","830.0",""
"927","Sal Cannella","CLE","9","TE159","","","","831","","","831.0",""
"928","Michael Jacobson","","","TE160","","","","832","","","832.0",""
"929","James Mitchell","CAR","14","TE161","","","","834","","","834.0",""
"930","Samori Toure","","","WR324","","","","835","","","835.0",""
"931","Teagan Quitoriano","ATL","5","TE162","","","","836","","","836.0",""
"932","Lance McCutcheon","","","WR325","","","","837","","","837.0",""
"933","Erik Ezukanma","JAC","8","WR326","","","","838","","","838.0",""
"934","Kevin Harris","","","RB229","","","","839","","","839.0",""
"935","Bailey Zappe","CLE","9","QB119","","","","840","","","840.0",""
"936","Irvin Charles","NYJ","9","WR327","","","","841","","","841.0",""
"937","Chris Oladokun","KC","10","QB120","","","","842","","","842.0",""
"938","Danny Gray","","","WR328","","","","843","","","843.0",""
"939","Ko Kieft","TB","9","TE163","","","","844","","","844.0",""
"940","Justyn Ross","","","WR329","","","","845","","","845.0",""
"941","Kendric Pryor","CIN","10","WR330","","","","846","","","846.0",""
"942","Zaire Mitchell-Paden","BAL","7","TE164","","","","847","","","847.0",""
"943","Malik Davis","DAL","10","RB230","","","","848","","","848.0",""
"944","Dennis Houston","TB","9","WR331","","","","849","","","849.0",""
"945","Julian Hicks","","","WR332","","","","850","","","850.0",""
"946","Xavier Johnson","","","WR333","","","","851","","","851.0",""
"947","Jack Plummer","","","QB121","","","","852","","","852.0",""
"948","Cole Burgess","","","WR334","","","","853","","","853.0",""
"949","Treyton Welch","NO","11","TE165","","","","854","","","854.0",""
"950","Jason Bean","","","QB122","","","","855","","","855.0",""
"951","Kedon Slovis","ARI","8","QB123","","","","856","","","856.0",""
"952","Jeshaun Jones","MIN","6","WR335","","","","858","","","858.0",""
"953","Dallin Holker","","","TE166","","","","859","","","859.0",""
"954","David Martin-Robinson","TEN","10","TE167","","","","860","","","860.0",""
"955","Steven Stilianos","","","TE168","","","","861","","","861.0",""
"956","John Jiles","NE","14","WR336","","","","862","","","862.0",""
"957","John Rhys Plumlee","","","QB124","","","","863","","","863.0",""
"958","Mason Pline","NO","11","TE169","","","","864","","","864.0",""
"959","D.J. Williams","","","RB231","","","","865","","","865.0",""
"960","Michael Wiley","","","RB232","","","","866","","","866.0",""
"961","Neal Johnson","","","TE170","","","","867","","","867.0",""
"962","Drake Stoops","","","WR337","","","","868","","","868.0",""
"963","Hayden Rucci","MIA","12","TE171","","","","869","","","869.0",""
"964","Jaelen Gill","","","WR338","","","","870","","","870.0",""
"965","Kevin Foelsch","","","TE172","","","","871","","","871.0",""
"966","Geor","","'Quarius Spivey","","","TE173","","","","872","","","872.0",""
"967","Joshua Simon","ATL","5","TE174","","","","873","","","873.0",""
"968","Xavier Guillory","","","WR339","","","","874","","","874.0",""
"969","Lucas Scott","BAL","7","RB233","","","","876","","","876.0",""
"970","Kelly Akharaiyi","","","WR340","","","","877","","","877.0",""
"971","Stephen Gosnell","BUF","7","WR341","","","","878","","","878.0",""
"972","Keleki Latu","BUF","7","TE175","","","","880","","","880.0",""
"973","Hal Presley","","","WR342","","","","881","","","881.0",""
"974","Jacolby George","","","WR343","","","","882","","","882.0",""
"975","JP Richardson","CHI","5","WR344","","","","884","","","884.0",""
"976","Rashod Owens","","","WR345","","","","886","","","886.0",""
"977","Payton Thorne","","","QB125","","","","888","","","888.0",""
"978","Luke Floriea","","","WR346","","","","889","","","889.0",""
"979","Cade McDonald","CLE","9","WR347","","","","891","","","891.0",""
"980","Ja'seem Reed","CAR","14","WR348","","","","892","","","892.0",""
"981","Josh Kelly","HOU","6","WR349","","","","893","","","893.0",""
"982","Tyler Neville","","","TE176","","","","894","","","894.0",""
"983","Joaquin Davis","","","WR350","","","","895","","","895.0",""
"984","Jerjuan Newton","","","WR351","","","","897","","","897.0",""
"985","Kyrese Rowan","","","WR352","","","","898","","","898.0",""
""
""