nfl_season,team_abb,player_id_x,name_short,rank,qbr_total,pts_added,qb_plays,epa_total,pass,run,exp_sack,penalty,qbr_raw,sack,name_first,name_last,name_display,headshot_href,team_x,qualified,pass_attempts,throwaways,spikes,drops,drop_pct,bad_throws,bad_throw_pct,pfr_id_x_x,pocket_time,times_blitzed,times_hurried,times_hit,times_pressured,pressure_pct,batted_balls,on_tgt_throws,on_tgt_pct,rpo_plays,rpo_yards,rpo_pass_att,rpo_pass_yards,rpo_rush_att,rpo_rush_yards,pa_pass_att,pa_pass_yards,avg_time_to_throw,avg_completed_air_yards,avg_intended_air_yards,avg_air_yards_differential,aggressiveness,max_completed_air_distance,avg_air_yards_to_sticks,pass_yards,pass_touchdowns,interceptions_x,passer_rating,completion_percentage,expected_completion_percentage,completion_percentage_above_expectation,avg_air_distance,max_air_distance,player_gsis_id_x,player_id_y,sacks,sack_yards,sack_fumbles,sack_fumbles_lost,passing_air_yards,passing_yards_after_catch,passing_epa,passing_2pt_conversions,pacr,dakota,carries,rushing_yards,rushing_tds,rushing_fumbles_x,rushing_fumbles_lost_x,rushing_first_downs,rushing_epa_x,rushing_2pt_conversions_x,fantasy_points_x,games_x,ppr_sh,display_name,common_first_name,short_name,football_name_x,suffix_x,esb_id_x,nfl_id_x,pfr_id_y_x,pff_id_x,otc_id_x,smart_id_x,birth_date_x,height_x,weight_x,headshot_x,college_name_x,college_conference_x,rookie_season_x,last_season_x,latest_team_x,status_x,ngs_status_x,ngs_status_short_description_x,years_of_experience_x,pff_position_x,pff_status_x,draft_round_x,draft_pick_x,draft_team_x,rookie_x,Unnamed: 0_x,player_x,pfr_id_x_y,tm,age,pos,g,gs,att,yds,td,x1d,ybc,ybc_att,yac,yac_att,brk_tkl,att_br,loaded,player_display_name,efficiency,percent_attempts_gte_eight_defenders,avg_time_to_los,avg_rush_yards,player_gsis_id_y,player_first_name,player_last_name,player_short_name,expected_rush_yards,rush_yards_over_expected,rush_yards_over_expected_per_att,rush_pct_over_expected,player_id,rushing_fumbles_y,rushing_fumbles_lost_y,rushing_epa_y,rushing_2pt_conversions_y,fantasy_points_y,fantasy_points_ppr,games_y,football_name_y,suffix_y,esb_id_y,nfl_id_y,pfr_id_y_y,pff_id_y,otc_id_y,espn_id,smart_id_y,birth_date_y,position_group,position_x,ngs_position_group,ngs_position,height_y,weight_y,headshot_y,college_name_y,college_conference_y,rookie_season_y,last_season_y,latest_team_y,status_y,ngs_status_y,ngs_status_short_description_y,years_of_experience_y,pff_position_y,pff_status_y,draft_round_y,draft_pick_y,draft_team_y,rookie_y,Unnamed: 0_y,team,player_y,position_y,offense_snaps,team_snaps,offense_snap_percentage,merge_year,AVG,adp_rank,adp_percentile,adp_percentile_pos,POS_group,FantPos,year,Player_fixed,expected_ppr_pg_prev,expected_ppr_season_prev,expected_ppr_pg_curr_hist,expected_ppr_season_curr_hist,Games_G,player_clean,rookie_year,fumbles_FUM_cyr1,fumbles_FUM_cyr2,fumbles_FUM_cyr3,fumbles_FUM_cyr4,fumbles_LOST_cyr1,fumbles_LOST_cyr2,fumbles_LOST_cyr3,fumbles_LOST_cyr4,fumbles_REC_cyr1,fumbles_REC_cyr2,fumbles_REC_cyr3,fumbles_REC_cyr4,interceptions_AVG_cyr1,interceptions_AVG_cyr2,interceptions_AVG_cyr3,interceptions_AVG_cyr4,interceptions_INT_cyr1,interceptions_INT_cyr2,interceptions_INT_cyr3,interceptions_INT_cyr4,interceptions_TD_cyr1,interceptions_TD_cyr2,interceptions_TD_cyr3,interceptions_TD_cyr4,interceptions_YDS_cyr1,interceptions_YDS_cyr2,interceptions_YDS_cyr3,interceptions_YDS_cyr4,passing_ATT_cyr1,passing_ATT_cyr2,passing_ATT_cyr3,passing_ATT_cyr4,passing_COMPLETIONS_cyr1,passing_COMPLETIONS_cyr2,passing_COMPLETIONS_cyr3,passing_COMPLETIONS_cyr4,passing_INT_cyr1,passing_INT_cyr2,passing_INT_cyr3,passing_INT_cyr4,passing_PCT_cyr1,passing_PCT_cyr2,passing_PCT_cyr3,passing_PCT_cyr4,passing_TD_cyr1,passing_TD_cyr2,passing_TD_cyr3,passing_TD_cyr4,passing_YDS_cyr1,passing_YDS_cyr2,passing_YDS_cyr3,passing_YDS_cyr4,passing_YPA_cyr1,passing_YPA_cyr2,passing_YPA_cyr3,passing_YPA_cyr4,receiving_LONG_cyr1,receiving_LONG_cyr2,receiving_LONG_cyr3,receiving_LONG_cyr4,receiving_REC_cyr1,receiving_REC_cyr2,receiving_REC_cyr3,receiving_REC_cyr4,receiving_TD_cyr1,receiving_TD_cyr2,receiving_TD_cyr3,receiving_TD_cyr4,receiving_YDS_cyr1,receiving_YDS_cyr2,receiving_YDS_cyr3,receiving_YDS_cyr4,receiving_YPR_cyr1,receiving_YPR_cyr2,receiving_YPR_cyr3,receiving_YPR_cyr4,rushing_CAR_cyr1,rushing_CAR_cyr2,rushing_CAR_cyr3,rushing_CAR_cyr4,rushing_LONG_cyr1,rushing_LONG_cyr2,rushing_LONG_cyr3,rushing_LONG_cyr4,rushing_TD_cyr1,rushing_TD_cyr2,rushing_TD_cyr3,rushing_TD_cyr4,rushing_YDS_cyr1,rushing_YDS_cyr2,rushing_YDS_cyr3,rushing_YDS_cyr4,rushing_YPC_cyr1,rushing_YPC_cyr2,rushing_YPC_cyr3,rushing_YPC_cyr4
2014.0,,,,,,,,,,,,,,,,,,,,,,,,,,,,,,,,,,,,,,,,,,,,,,,,,,,,,,,,,,,,,,,00-0031407,55.0,345.0,4.0,0.0,3326.0,1620.0,-111.91558515990002,1.0,13.454576704633489,0.1473893523076614,56.0,419.0,0.0,3.0,1.0,27.0,14.89427497806871,0.0,168.22,14.0,0.1695287620429717,Blake Bortles,Blake,B.Bortles,Blake,,BOR650964,41229.0,BortBl00,8638.0,2942.0,3200424f-5265-0964-4a57-fb0d82ae917e,1992-04-28,77.0,236.0,"https://static.www.nfl.com/image/private/f_auto,q_auto/league/jvoui3bptgsfvgkz5e1b",UCF,American Athletic Conference,2014.0,2021.0,NO,DEV,RES,Reserve/Future,7.0,QB,,1.0,3.0,JAX,1.0,2359.0,,,,,,,,,,,,,,,,,,,,,,,,,,,,,,,,00-0031407,3.0,1.0,14.89427497806871,0.0,168.22,168.22,14.0,Blake,,BOR650964,41229.0,BortBl00,8638.0,2942.0,16724.0,3200424f-5265-0964-4a57-fb0d82ae917e,1992-04-28,QB,QB,,,77.0,236.0,"https://static.www.nfl.com/image/private/f_auto,q_auto/league/jvoui3bptgsfvgkz5e1b",UCF,American Athletic Conference,2014.0,2021.0,NO,DEV,RES,Reserve/Future,7.0,QB,,1.0,3.0,JAX,1.0,3012.0,JAX,Blake Bortles,QB,896.0,1037.0,0.8640308582449373,2015.0,204.7,186,0.5328282828282829,0.4642857142857143,QB,QB,2015,Blake Bortles,,,,,16,blake bortles,2014.0,,,,,,,,,,,,,,,,,,,,,,,,,,,,,,,,,,,,,,,,,,,,,,,,,,,,,,,,,,,,,,,,,,,,,,,,,,,,,,,,,,,,,,,,,,,,,,,,
2014.0,,,,,,,,,,,,,,,,,,,,,,,,,,,,,,,,,,,,,,,,,,,,,,,,,,,,,,,,,,,,,,,00-0031280,24.0,149.0,4.0,2.0,4664.0,1462.0,-61.50931025803995,0.0,11.690437311615502,0.4240187425165015,29.0,92.0,0.0,5.0,2.0,10.0,-11.191634217684625,0.0,192.0,16.0,0.1637051942293919,Derek Carr,Derek,D.Carr,Derek,,CAR358797,41265.0,CarrDe02,8671.0,2975.0,32004341-5235-8797-3b9a-0d2711c0bc27,1991-03-28,75.0,215.0,"https://static.www.nfl.com/image/upload/f_auto,q_auto/league/qsz1pyrlu6bmvby6maaf",Fresno State,Mountain West Conference,2014.0,2024.0,NO,ACT,RET,R/Retired,11.0,QB,A,2.0,36.0,LV,1.0,2197.0,,,,,,,,,,,,,,,,,,,,,,,,,,,,,,,,00-0031280,5.0,2.0,-11.191634217684625,0.0,192.0,192.0,16.0,Derek,,CAR358797,41265.0,CarrDe02,8671.0,2975.0,16757.0,32004341-5235-8797-3b9a-0d2711c0bc27,1991-03-28,QB,QB,,,75.0,215.0,"https://static.www.nfl.com/image/upload/f_auto,q_auto/league/qsz1pyrlu6bmvby6maaf",Fresno State,Mountain West Conference,2014.0,2024.0,NO,ACT,RET,R/Retired,11.0,QB,A,2.0,36.0,LV,1.0,5216.0,OAK,Derek Carr,QB,989.0,1024.0,0.9658203125,2015.0,178.3,161,0.595959595959596,0.5535714285714286,QB,QB,2015,Derek Carr,,,,,16,derek carr,2014.0,,,,,,,,,,,,,,,,,,,,,,,,,,,,,,,,,,,,,,,,,,,,,,,,,,,,,,,,,,,,,,,,,,,,,,,,,,,,,,,,,,,,,,,,,,,,,,,,
2014.0,,,,,,,,,,,,,,,,,,,,,,,,,,,,,,,,,,,,,,,,,,,,,,,,,,,,,,,,,,,,,,,00-0031409,3.0,26.0,1.0,0.0,245.0,84.0,-15.812758218019852,0.0,2.320851063829787,0.0486343734675663,9.0,29.0,1.0,0.0,0.0,1.0,-2.1814989631529897,0.0,11.9,4.0,0.054337899543379,Johnny Manziel,Johnny,,Johnny,,MAN794607,41248.0,ManzJo00,8657.0,2961.0,32004d41-4e79-4607-5b0c-d1ab80db11cf,1992-12-06,72.0,210.0,"https://static.www.nfl.com/image/private/f_auto,q_auto/league/a0ql3eziqinxvo0szfhk",Texas A&M,Southeastern Conference,2014.0,2015.0,CLE,ACT,ACT,Active,2.0,QB,,1.0,22.0,CLE,1.0,2376.0,,,,,,,,,,,,,,,,,,,,,,,,,,,,,,,,00-0031409,0.0,0.0,-2.1814989631529897,0.0,11.9,11.9,4.0,Johnny,,MAN794607,41248.0,ManzJo00,8657.0,2961.0,16736.0,32004d41-4e79-4607-5b0c-d1ab80db11cf,1992-12-06,QB,QB,,,72.0,210.0,"https://static.www.nfl.com/image/private/f_auto,q_auto/league/a0ql3eziqinxvo0szfhk",Texas A&M,Southeastern Conference,2014.0,2015.0,CLE,ACT,ACT,Active,2.0,QB,,1.0,22.0,CLE,1.0,1507.0,CLE,Johnny Manziel,QB,76.0,1042.0,0.072936660268714,2015.0,296.5,280,0.2954545454545454,0.2857142857142857,QB,QB,2015,Johnny Manziel,,,,,9,johnny manziel,2014.0,,,,,,,,,,,,,,,,,,,,,,,,,,,,,,,,,,,,,,,,,,,,,,,,,,,,,,,,,,,,,,,,,,,,,,,,,,,,,,,,,,,,,,,,,,,,,,,,
2014.0,,,,,,,,,,,,,,,,,,,,,,,,,,,,,,,,,,,,,,,,,,,,,,,,,,,,,,,,,,,,,,,00-0031237,39.0,249.0,3.0,0.0,3139.0,1442.0,-1.9990920867969544,2.0,13.954642784498128,1.151333613562877,47.0,209.0,1.0,0.0,0.0,13.0,12.58738767544055,0.0,183.66,13.0,0.1784007460076932,Teddy Bridgewater,Teddy,T.Bridgewater,Teddy,,BRI129168,41258.0,BridTe00,8667.0,2971.0,32004252-4912-9168-84fe-1a998a0eb85b,1992-11-10,74.0,210.0,"https://static.www.nfl.com/image/upload/f_auto,q_auto/league/wggyfg1dgyiwcgxafoen",Louisville,American Athletic Conference,2014.0,2025.0,TB,ACT,ACT,Active,11.0,QB,A,1.0,32.0,MIN,1.0,2158.0,,,,,,,,,,,,,,,,,,,,,,,,,,,,,,,,00-0031237,0.0,0.0,12.58738767544055,0.0,183.66,183.66,13.0,Teddy,,BRI129168,41258.0,BridTe00,8667.0,2971.0,16728.0,32004252-4912-9168-84fe-1a998a0eb85b,1992-11-10,QB,QB,QB,QB,74.0,210.0,"https://static.www.nfl.com/image/upload/f_auto,q_auto/league/wggyfg1dgyiwcgxafoen",Louisville,American Athletic Conference,2014.0,2025.0,TB,ACT,ACT,Active,11.0,QB,A,1.0,32.0,MIN,1.0,4121.0,MIN,Teddy Bridgewater,QB,794.0,1014.0,0.7830374753451677,2015.0,124.5,112,0.7196969696969697,0.7321428571428572,QB,QB,2015,Teddy Bridgewater,,,,,16,teddy bridgewater,2014.0,,,,,,,,,,,,,,,,,,,,,,,,,,,,,,,,,,,,,,,,,,,,,,,,,,,,,,,,,,,,,,,,,,,,,,,,,,,,,,,,,,,,,,,,,,,,,,,,
2014.0,,,,,,,,,,,,,,,,,,,,,,,,,,,,,,,,,,,,,,,,,,,,,,,,,,,,,,,,,,,,,,,00-0031266,18.0,138.0,4.0,2.0,1537.0,659.0,-29.17884425034379,0.0,6.003319381379716,0.3303316330819147,5.0,4.0,0.0,0.0,0.0,1.0,1.4848047238774598,0.0,70.88,7.0,0.1401233591649533,Zach Mettenberger,Zach,,,,MET532718,41407.0,MettZa00,8813.0,3117.0,32004d45-5453-2718-5b45-bf5c214d724d,1991-07-16,77.0,224.0,"https://static.www.nfl.com/image/private/f_auto,q_auto/league/gzgmz3e71dbcvitge8gs",LSU; Butler County JC; Georgia,,2014.0,2016.0,PIT,ACT,,,3.0,QB,,6.0,178.0,TEN,1.0,2182.0,,,,,,,,,,,,,,,,,,,,,,,,,,,,,,,,00-0031266,0.0,0.0,1.4848047238774598,0.0,70.88,70.88,7.0,,,MET532718,41407.0,MettZa00,8813.0,3117.0,16814.0,32004d45-5453-2718-5b45-bf5c214d724d,1991-07-16,QB,QB,,,77.0,224.0,"https://static.www.nfl.com/image/private/f_auto,q_auto/league/gzgmz3e71dbcvitge8gs",LSU; Butler County JC; Georgia,,2014.0,2016.0,PIT,ACT,,,3.0,QB,,6.0,178.0,TEN,1.0,6508.0,TEN,Zach Mettenberger,QB,306.0,952.0,0.3214285714285714,2015.0,406.0,372,0.0631313131313131,0.0714285714285714,QB,QB,2015,Zach Mettenberger,,,,,7,zach mettenberger,2014.0,,,,,,,,,,,,,,,,,,,,,,,,,,,,,,,,,,,,,,,,,,,,,,,,,,,,,,,,,,,,,,,,,,,,,,,,,,,,,,,,,,,,,,,,,,,,,,,,
2015.0,,,,,,,,,,,,,,,,,,,,,,,,,,,,,,,,,,,,,,,,,,,,,,,,,,,,,,,,,,,,,,,00-0031503,27.0,190.0,3.0,1.0,5340.0,1476.0,49.23681380119149,1.0,12.848774002047982,1.8196904070640905,54.0,213.0,6.0,3.0,1.0,18.0,2.9773890187770884,0.0,274.98,16.0,0.2051967046743478,Jameis Winston,Jameis,J.Winston,Jameis,,WIN623708,42344.0,WinsJa00,9434.0,3849.0,32005749-4e62-3708-9650-e59a3f7bea83,1994-01-06,76.0,231.0,"https://static.www.nfl.com/image/upload/f_auto,q_auto/league/vwikoroqsyf8iemlrohb",Florida State,Atlantic Coast Conference,2015.0,2025.0,NYG,ACT,ACT,Inactive/3rd QB,11.0,QB,A,1.0,1.0,TB,1.0,2415.0,,,,,,,,,,,,,,,,,,,,,,,,,,,,,,,,00-0031503,3.0,1.0,2.9773890187770884,0.0,274.98,274.98,16.0,Jameis,,WIN623708,42344.0,WinsJa00,9434.0,3849.0,2969939.0,32005749-4e62-3708-9650-e59a3f7bea83,1994-01-06,QB,QB,QB,QB,76.0,231.0,"https://static.www.nfl.com/image/upload/f_auto,q_auto/league/vwikoroqsyf8iemlrohb",Florida State,Atlantic Coast Conference,2015.0,2025.0,NYG,ACT,ACT,Inactive/3rd QB,11.0,QB,A,1.0,1.0,TB,1.0,6298.0,TB,Jameis Winston,QB,1090.0,1090.0,1.0,2016.0,129.8,111,0.7693920335429769,0.8433734939759037,QB,QB,2016,Jameis Winston,14.778355364091746,236.45368582546797,15.498529973214367,247.97647957142988,16,jameis winston,2015.0,0.0,,,,0.0,,,,0.0,,,,0.0,,,,0.0,,,,0.0,,,,0.0,,,,467.0,,,,305.0,,,,18.0,,,,0.653,,,,25.0,,,,3907.0,,,,8.4,,,,0.0,,,,0.0,,,,0.0,,,,0.0,,,,0.0,,,,57.0,,,,28.0,,,,3.0,,,,65.0,,,,1.1,,,
2015.0,,,,,,,,,,,,,,,,,,,,,,,,,,,,,,,,,,,,,,,,,,,,,,,,,,,,,,,,,,,,,,,00-0032268,38.0,258.0,8.0,6.0,3431.0,1161.0,-3.185826458898965,3.0,10.68603132334095,1.4164592478181726,34.0,252.0,2.0,2.0,0.0,10.0,4.611549726292513,0.0,210.02,12.0,0.2012666196135284,Marcus Mariota,Marcus,M.Mariota,Marcus,,MAR186347,42345.0,MariMa01,9435.0,3850.0,32004d41-5218-6347-2b09-64276fa61f68,1993-10-30,76.0,222.0,"https://static.www.nfl.com/image/upload/f_auto,q_auto/league/b9ribxqudeehvmjlw0va",Oregon,Pacific Twelve Conference,2015.0,2025.0,WAS,ACT,ACT,Active,11.0,QB,A,1.0,2.0,TEN,1.0,2957.0,,,,,,,,,,,,,,,,,,,,,,,,,,,,,,,,00-0032268,2.0,0.0,4.611549726292513,0.0,210.02,211.02,12.0,Marcus,,MAR186347,42345.0,MariMa01,9435.0,3850.0,2576980.0,32004d41-5218-6347-2b09-64276fa61f68,1993-10-30,QB,QB,,,76.0,222.0,"https://static.www.nfl.com/image/upload/f_auto,q_auto/league/b9ribxqudeehvmjlw0va",Oregon,Pacific Twelve Conference,2015.0,2025.0,WAS,ACT,ACT,Active,11.0,QB,A,1.0,2.0,TEN,1.0,6524.0,TEN,Marcus Mariota,QB,733.0,992.0,0.7389112903225806,2016.0,153.3,131,0.7274633123689728,0.8192771084337349,QB,QB,2016,Marcus Mariota,15.014527014531176,240.2324322324988,14.705986733639543,235.29578773823272,15,marcus mariota,2015.0,0.0,,,,0.0,,,,0.0,,,,0.0,,,,0.0,,,,0.0,,,,0.0,,,,445.0,,,,304.0,,,,4.0,,,,0.683,,,,42.0,,,,4454.0,,,,10.0,,,,26.0,,,,1.0,,,,1.0,,,,26.0,,,,26.0,,,,135.0,,,,61.0,,,,15.0,,,,770.0,,,,5.7,,,
2015.0,,,,,,,,,,,,,,,,,,,,,,,,,,,,,,,,,,,,,,,,,,,,,,,,,,,,,,,,,,,,,,,00-0032156,0.0,0.0,0.0,0.0,0.0,0.0,0.0,0.0,0.0,0.0,1.0,-1.0,0.0,0.0,0.0,0.0,0.0,0.0,-0.1,1.0,-0.0009538344143456,Trevor Siemian,Trevor,T.Siemian,Trevor,,SIE461866,42593.0,SiemTr00,9683.0,4098.0,32005349-4546-1866-e481-b01fc4505cd5,1991-12-26,75.0,220.0,"https://static.www.nfl.com/image/private/f_auto,q_auto/league/vmksfbms9zefxezf39sb",Northwestern,Big Ten Conference,2015.0,2025.0,TEN,DEV,DEV,PS; Vet,9.0,QB,A,7.0,250.0,DEN,1.0,2852.0,,,,,,,,,,,,,,,,,,,,,,,,,,,,,,,,00-0032156,0.0,0.0,0.0,0.0,-0.1,-0.1,1.0,Trevor,,SIE461866,42593.0,SiemTr00,9683.0,4098.0,2511109.0,32005349-4546-1866-e481-b01fc4505cd5,1991-12-26,QB,QB,QB,QB,75.0,220.0,"https://static.www.nfl.com/image/private/f_auto,q_auto/league/vmksfbms9zefxezf39sb",Northwestern,Big Ten Conference,2015.0,2025.0,TEN,DEV,DEV,PS; Vet,9.0,QB,A,7.0,250.0,DEN,1.0,1956.0,DEN,Trevor Siemian,QB,1.0,1080.0,0.0009259259259259,2016.0,214.0,193,0.5974842767295597,0.6987951807228916,QB,QB,2016,Trevor Siemian,,,16.0594478415994,256.9511654655904,14,trevor siemian,2015.0,0.0,,,,0.0,,,,0.0,,,,0.0,,,,0.0,,,,0.0,,,,0.0,,,,392.0,,,,228.0,,,,11.0,,,,0.582,,,,7.0,,,,2214.0,,,,5.6,,,,17.0,,,,1.0,,,,1.0,,,,17.0,,,,17.0,,,,68.0,,,,16.0,,,,5.0,,,,-123.0,,,,-1.8,,,
2016.0,,,,,,,,,,,,,,,,,,,,,,,,,,,,,,,,,,,,,,,,,,,,,,2.6463756177924225,5.369947229551451,7.94306425041186,-2.5731170208604084,21.08731466227348,61.48281385883375,-0.9910378912685336,3782.0,16.0,14.0,79.25247116968698,62.43822075782537,61.71749397879083,0.7207267790345426,21.647123117621376,62.41517523807812,00-0032950,00-0032950,33.0,213.0,9.0,2.0,4518.0,1757.0,9.655716643341965,1.0,14.150888676079912,1.046614891722475,46.0,150.0,2.0,4.0,1.0,15.0,-2.680783539544791,1.0,212.98,16.0,0.1607639254105873,Carson Wentz,Carson,C.Wentz,Carson,,WEN615770,43291.0,WentCa00,10636.0,4715.0,32005745-4e61-5770-9c68-1652f876bc72,1992-12-30,77.0,237.0,"https://static.www.nfl.com/image/upload/f_auto,q_auto/league/ot6wu9gw3cgcdb2cx6is",North Dakota State,Missouri Valley Football Conference,2016.0,2025.0,MIN,ACT,ACT,Active,10.0,QB,A,1.0,2.0,PHI,1.0,3269.0,,,,,,,,,,,,,,,,,,,,,,,,,,,,,,,,00-0032950,4.0,1.0,-2.680783539544791,1.0,212.98,213.98,16.0,Carson,,WEN615770,43291.0,WentCa00,10636.0,4715.0,2573079.0,32005745-4e61-5770-9c68-1652f876bc72,1992-12-30,QB,QB,,,77.0,237.0,"https://static.www.nfl.com/image/upload/f_auto,q_auto/league/ot6wu9gw3cgcdb2cx6is",North Dakota State,Missouri Valley Football Conference,2016.0,2025.0,MIN,ACT,ACT,Active,10.0,QB,A,1.0,2.0,PHI,1.0,5350.0,PHI,Carson Wentz,QB,1125.0,1129.0,0.9964570416297608,2017.0,146.3,142,0.6016949152542372,0.5952380952380952,QB,QB,2017,Carson Wentz,12.43088307352862,198.8941291764579,16.069558320805108,257.1129331328817,13,carson wentz,2016.0,0.0,,,,0.0,,,,0.0,,,,0.0,,,,0.0,,,,0.0,,,,0.0,,,,28.0,,,,18.0,,,,0.0,,,,0.643,,,,0.0,,,,204.0,,,,7.3,,,,0.0,,,,0.0,,,,0.0,,,,0.0,,,,0.0,,,,8.0,,,,20.0,,,,0.0,,,,38.0,,,,4.8,,,
2016.0,,,,,,,,,,,,,,,,,,,,,,,,,,,,,,,,,,,,,,,,,,,,,,2.896292307692308,6.073515625,7.844564102564101,-1.7710484775641016,20.51282051282051,40.5117822367765,-1.2272307692307691,1380.0,6.0,2.0,92.25427350427351,65.64102564102564,59.786815126788426,5.854210514237209,22.41705508166663,55.1720844268186,00-0033104,00-0033104,21.0,140.0,1.0,1.0,1433.0,661.0,21.14265794895645,1.0,10.783082055390532,1.1034919598072386,11.0,18.0,0.0,3.0,0.0,1.0,-2.845198505150822,0.0,77.0,9.0,0.1156920488010096,Cody Kessler,Cody,C.Kessler,Cody,,KES701662,43382.0,KessCo00,10727.0,4806.0,32004b45-5370-1662-8570-5095ed4b0b10,1993-05-11,73.0,215.0,"https://static.www.nfl.com/image/private/f_auto,q_auto/league/gkvutiyutml2atftmu09",USC,,2016.0,2019.0,NE,ACT,UFA,,4.0,QB,,3.0,93.0,CLE,1.0,3406.0,,,,,,,,,,,,,,,,,,,,,,,,,,,,,,,,00-0033104,3.0,0.0,-2.845198505150822,0.0,77.0,77.0,9.0,Cody,,KES701662,43382.0,KessCo00,10727.0,4806.0,2577243.0,32004b45-5370-1662-8570-5095ed4b0b10,1993-05-11,QB,QB,,,73.0,215.0,"https://static.www.nfl.com/image/private/f_auto,q_auto/league/gkvutiyutml2atftmu09",USC,,2016.0,2019.0,NE,ACT,UFA,,4.0,QB,,3.0,93.0,CLE,1.0,1543.0,CLE,Cody Kessler,QB,349.0,1010.0,0.3455445544554455,2017.0,312.0,306,0.1384180790960452,0.0952380952380952,QB,QB,2017,Cody Kessler,4.25606589370194,68.09705429923105,10.260680597428829,164.17088955886123,3,cody kessler,2016.0,0.0,0.0,,,0.0,0.0,,,0.0,0.0,,,0.0,0.0,,,0.0,0.0,,,0.0,0.0,,,0.0,0.0,,,446.0,452.0,,,298.0,315.0,,,7.0,5.0,,,0.668,0.697,,,29.0,39.0,,,3536.0,3826.0,,,7.9,8.5,,,0.0,0.0,,,0.0,0.0,,,0.0,0.0,,,0.0,0.0,,,0.0,0.0,,,61.0,55.0,,,21.0,13.0,,,4.0,2.0,,,-149.0,-152.0,,,-2.4,-2.8,,
2016.0,,,,,,,,,,,,,,,,,,,,,,,,,,,,,,,,,,,,,,,,,,,,,,2.875891067538126,7.197266881028939,8.737712418300651,-1.5404455372717123,20.91503267973856,51.33836090098709,-0.3603267973856212,3667.0,23.0,4.0,104.90649963689178,67.75599128540306,59.758999058368055,7.996992227035001,22.04907674688845,57.90839749121021,00-0033077,00-0033077,25.0,143.0,6.0,4.0,3743.0,1546.0,122.7772957888822,0.0,16.800244331840975,2.940748444040638,57.0,282.0,6.0,2.0,0.0,21.0,18.032829313451657,0.0,286.88,16.0,0.1964312613833997,Dak Prescott,Dak,D.Prescott,Dak,,PRE285723,43424.0,PresDa01,10769.0,4848.0,32005052-4528-5723-d1b2-96e92ebc1241,1993-07-29,74.0,238.0,"https://static.www.nfl.com/image/upload/f_auto,q_auto/league/blixemm3s9sa4gmqk5yn",Mississippi State,Southeastern Conference,2016.0,2025.0,DAL,ACT,ACT,Active,10.0,QB,A,4.0,135.0,DAL,1.0,3373.0,,,,,,,,,,,,,,,,,,,,,,,,,,,,,,,,00-0033077,2.0,0.0,18.032829313451657,0.0,286.88,286.88,16.0,Dak,,PRE285723,43424.0,PresDa01,10769.0,4848.0,2577417.0,32005052-4528-5723-d1b2-96e92ebc1241,1993-07-29,QB,QB,QB,QB,74.0,238.0,"https://static.www.nfl.com/image/upload/f_auto,q_auto/league/blixemm3s9sa4gmqk5yn",Mississippi State,Southeastern Conference,2016.0,2025.0,DAL,ACT,ACT,Active,10.0,QB,A,4.0,135.0,DAL,1.0,1764.0,DAL,Dak Prescott,QB,1011.0,1047.0,0.9656160458452722,2017.0,109.8,101,0.7175141242937852,0.7142857142857143,QB,QB,2017,Dak Prescott,14.622148363017727,233.9543738082837,16.86143320709546,269.78293131352734,16,dak prescott,2016.0,0.0,0.0,,,0.0,0.0,,,0.0,0.0,,,0.0,0.0,,,0.0,0.0,,,0.0,0.0,,,0.0,0.0,,,477.0,396.0,,,316.0,244.0,,,5.0,11.0,,,0.662,0.616,,,29.0,27.0,,,3793.0,3449.0,,,8.0,8.7,,,0.0,24.0,,,0.0,2.0,,,0.0,1.0,,,0.0,35.0,,,0.0,17.5,,,160.0,210.0,,,49.0,56.0,,,10.0,14.0,,,588.0,986.0,,,3.7,4.7,,
2016.0,,,,,,,,,,,,,,,,,,,,,,,,,,,,,,,,,,,,,,,,,,,,,,2.536736585365853,4.924375,7.481804878048781,-2.557429878048781,25.853658536585368,51.386007823141895,-2.0791707317073174,1089.0,5.0,7.0,63.648373983739845,54.63414634146342,57.81784719991975,-3.1837008584563264,21.196133193890013,59.25489431262197,00-0033106,00-0033106,26.0,222.0,5.0,2.0,1409.0,572.0,-86.70948298333872,0.0,5.86495503745023,-0.2151467492740512,8.0,16.0,1.0,0.0,0.0,1.0,0.2384185602292545,0.0,53.16,7.0,0.1384158725199187,Jared Goff,Jared,J.Goff,Jared,,GOF219636,43290.0,GoffJa00,10635.0,4714.0,3200474f-4621-9636-7354-d2eb6365d257,1994-10-14,76.0,217.0,"https://static.www.nfl.com/image/upload/f_auto,q_auto/league/yggfwr4ak4po9byj0qor",California,Pacific Twelve Conference,2016.0,2025.0,DET,ACT,ACT,Active,10.0,QB,A,1.0,1.0,LA,1.0,3409.0,,,,,,,,,,,,,,,,,,,,,,,,,,,,,,,,00-0033106,0.0,0.0,0.2384185602292545,0.0,53.16,53.16,7.0,Jared,,GOF219636,43290.0,GoffJa00,10635.0,4714.0,3046779.0,3200474f-4621-9636-7354-d2eb6365d257,1994-10-14,QB,QB,QB,QB,76.0,217.0,"https://static.www.nfl.com/image/upload/f_auto,q_auto/league/yggfwr4ak4po9byj0qor",California,Pacific Twelve Conference,2016.0,2025.0,DET,ACT,ACT,Active,10.0,QB,A,1.0,1.0,LA,1.0,3448.0,LA,Jared Goff,QB,392.0,994.0,0.3943661971830985,2017.0,256.0,254,0.2853107344632768,0.3095238095238095,QB,QB,2017,Jared Goff,9.890384160385482,158.2461465661677,12.877692296332588,206.04307674132136,15,jared goff,2016.0,0.0,0.0,,,0.0,0.0,,,0.0,0.0,,,0.0,0.0,,,0.0,0.0,,,0.0,0.0,,,0.0,0.0,,,529.0,509.0,,,341.0,316.0,,,13.0,7.0,,,0.645,0.621,,,43.0,35.0,,,4719.0,3973.0,,,8.9,7.8,,,11.0,0.0,,,1.0,0.0,,,0.0,0.0,,,11.0,0.0,,,11.0,0.0,,,56.0,55.0,,,20.0,19.0,,,0.0,0.0,,,-8.0,-44.0,,,-0.1,-0.8,,
2016.0,,,,,,,,,,,,,,,,,,,,,,,,,,,,,,,,,,,,,,,,,,,,,,,,,,,,,,,,,,,,,,,00-0033108,9.0,42.0,2.0,0.0,908.0,159.0,-4.953363272215148,0.0,1.6255186665667614,0.1908042559271947,11.0,25.0,0.0,0.0,0.0,1.0,-3.2856335629476234,0.0,28.380000000000003,3.0,0.1413346613545816,Paxton Lynch,Paxton,P.Lynch,Paxton,,LYN526034,43315.0,LyncPa00,10660.0,4744.0,32004c59-4e52-6034-b52a-7cd4920cc667,1994-02-12,79.0,244.0,"https://static.www.nfl.com/image/private/f_auto,q_auto/league/no5luyrz446ildiztu6t",Memphis,American Athletic Conference,2016.0,2019.0,PIT,ACT,CUT,Active,3.0,QB,A,1.0,26.0,DEN,1.0,3418.0,,,,,,,,,,,,,,,,,,,,,,,,,,,,,,,,00-0033108,0.0,0.0,-3.2856335629476234,0.0,28.380000000000003,28.380000000000003,3.0,Paxton,,LYN526034,43315.0,LyncPa00,10660.0,4744.0,2977881.0,32004c59-4e52-6034-b52a-7cd4920cc667,1994-02-12,QB,QB,,,79.0,244.0,"https://static.www.nfl.com/image/private/f_auto,q_auto/league/no5luyrz446ildiztu6t",Memphis,American Athletic Conference,2016.0,2019.0,PIT,ACT,CUT,Active,3.0,QB,A,1.0,26.0,DEN,1.0,1975.0,DEN,Paxton Lynch,QB,176.0,1065.0,0.1652582159624413,2017.0,313.0,307,0.135593220338983,0.0714285714285714,QB,QB,2017,Paxton Lynch,10.300807960032754,164.81292736052407,10.212932300128353,163.40691680205364,2,paxton lynch,2016.0,0.0,0.0,,,0.0,0.0,,,0.0,0.0,,,0.0,0.0,,,0.0,0.0,,,0.0,0.0,,,0.0,0.0,,,443.0,413.0,,,296.0,259.0,,,4.0,9.0,,,0.668,0.627,,,28.0,22.0,,,3776.0,3031.0,,,8.5,7.3,,,0.0,0.0,,,0.0,0.0,,,0.0,0.0,,,0.0,0.0,,,0.0,0.0,,,87.0,113.0,,,23.0,29.0,,,2.0,13.0,,,239.0,321.0,,,2.7,2.8,,
2017.0,,,,,,,,,,,,,,,,,,,,,,,,,,,,,,,,,,,,,,,,,,,,,,3.1010148514851483,8.239920634920635,11.205891089108912,-2.9659704541882768,17.15686274509804,60.69414469287791,1.8494554455445549,1699.0,19.0,8.0,102.96160130718954,61.76470588235294,59.313256689803865,2.4514491925490773,23.82559999836891,65.08675518106583,00-0033537,00-0033537,19.0,116.0,2.0,1.0,2242.0,677.0,25.645882118492885,1.0,5.298058304516222,1.0403545605947513,36.0,269.0,2.0,1.0,0.0,14.0,16.297244761992793,1.0,168.86,7.0,0.2511526906029687,Deshaun Watson,Deshaun,D.Watson,Deshaun,,WAT338355,44824.0,WatsDe00,11767.0,5596.0,32005741-5433-8355-e029-e49022cf4b81,1995-09-14,75.0,223.0,"https://static.www.nfl.com/image/private/f_auto,q_auto/league/otfs2docj6eahaebo5xn",Clemson,Atlantic Coast Conference,2017.0,2025.0,CLE,PUP,RES,R/PUP,9.0,QB,A,1.0,12.0,HOU,1.0,3688.0,,,,,,,,,,,,,,,,,,,,,,,,,,,,,,,,00-0033537,1.0,0.0,16.297244761992793,1.0,168.86,168.86,7.0,Deshaun,,WAT338355,44824.0,WatsDe00,11767.0,5596.0,3122840.0,32005741-5433-8355-e029-e49022cf4b81,1995-09-14,QB,QB,,,75.0,223.0,"https://static.www.nfl.com/image/private/f_auto,q_auto/league/otfs2docj6eahaebo5xn",Clemson,Atlantic Coast Conference,2017.0,2025.0,CLE,PUP,RES,R/PUP,9.0,QB,A,1.0,12.0,HOU,1.0,2626.0,HOU,Deshaun Watson,QB,464.0,1091.0,0.4252978918423464,2018.0,37.4,34,0.9070422535211268,0.9772727272727272,QB,QB,2018,Deshaun Watson,13.579372267083608,217.26995627333773,18.650225600768795,298.4036096123007,16,deshaun watson,2017.0,3.0,0.0,0.0,,2.0,0.0,0.0,,0.0,0.0,0.0,,0.0,0.0,0.0,,0.0,0.0,0.0,,0.0,0.0,0.0,,0.0,0.0,0.0,,578.0,491.0,137.0,,387.0,333.0,93.0,,17.0,13.0,2.0,,0.67,0.678,0.679,,41.0,35.0,14.0,,4593.0,4104.0,1466.0,,7.9,8.4,10.7,,0.0,0.0,0.0,,0.0,0.0,0.0,,0.0,0.0,0.0,,0.0,0.0,0.0,,0.0,0.0,0.0,,165.0,207.0,63.0,,33.0,63.0,17.0,,9.0,12.0,5.0,,629.0,1105.0,200.0,,3.8,5.3,3.2,
2017.0,,,,,,,,,,,,,,,,,,,,,,,,,,,,,,,,,,,,,,,,,,,,,,2.6973221884498475,5.772448979591836,7.718085106382978,-1.9456361267911424,18.181818181818183,49.289660173306125,-2.3183890577507604,2194.0,7.0,7.0,77.51262626262626,59.3939393939394,65.08214600948673,-5.688206615547337,20.960919969272936,55.50218914601478,00-0033869,00-0033869,31.0,196.0,5.0,2.0,2571.0,987.0,-43.57509668966953,0.0,11.243705552539296,0.3191911899254143,41.0,248.0,2.0,5.0,1.0,12.0,0.1975836658339993,1.0,134.52,12.0,0.172267185739166,Mitchell Trubisky,Mitchell,M.Trubisky,Mitchell,,TRU215336,44814.0,TrubMi00,11757.0,5586.0,32005452-5521-5336-8519-c8cb45ea9b74,1994-08-20,74.0,222.0,"https://static.www.nfl.com/image/upload/f_auto,q_auto/league/fw9ec0v5pn3sorobytpb",North Carolina,Atlantic Coast Conference,2017.0,2025.0,BUF,ACT,ACT,Active,9.0,QB,A,1.0,2.0,CHI,1.0,3871.0,,,,,,,,,,,,,,,,,,,,,,,,,,,,,,,,00-0033869,5.0,1.0,0.1975836658339993,1.0,134.52,134.52,12.0,Mitchell,,TRU215336,44814.0,TrubMi00,11757.0,5586.0,3039707.0,32005452-5521-5336-8519-c8cb45ea9b74,1994-08-20,QB,QB,QB,QB,74.0,222.0,"https://static.www.nfl.com/image/upload/f_auto,q_auto/league/fw9ec0v5pn3sorobytpb",North Carolina,Atlantic Coast Conference,2017.0,2025.0,BUF,ACT,ACT,Active,9.0,QB,A,1.0,2.0,CHI,1.0,1154.0,CHI,Mitchell Trubisky,QB,724.0,988.0,0.7327935222672065,2018.0,186.6,178,0.5014084507042254,0.5,QB,QB,2018,Mitchell Trubisky,14.93730783620448,238.9969253792717,14.51101482421816,232.17623718749056,14,mitchell trubisky,2017.0,,,,,,,,,,,,,,,,,,,,,,,,,,,,,,,,,,,,,,,,,,,,,,,,,,,,,,,,,,,,,,,,,,,,,,,,,,,,,,,,,,,,,,,,,,,,,,,,
2017.0,,,,,,,,,,,,,,,,,,,,,,,,,,,,,,,,,,,,,,,,,,,,,,,,,,,,,,,,,,,,,,,00-0033958,1.0,5.0,0.0,0.0,416.0,69.0,-27.06788966181921,0.0,2.4118044545873767,0.144217571730254,7.0,23.0,0.0,2.0,0.0,1.0,-1.4639897763263434,0.0,9.54,4.0,0.0419340659340659,Nathan Peterman,Nathan,N.Peterman,Nathan,,PET071806,44984.0,PeteNa00,11926.0,5757.0,32005045-5407-1806-8416-0c28f3e38ba0,1994-05-04,74.0,225.0,"https://static.www.nfl.com/image/private/f_auto,q_auto/league/owifll49p0mmsjgf7rhn",Pittsburgh; Tennessee,Atlantic Coast Conference,2017.0,2024.0,ATL,DEV,DEV,PS; Vet,8.0,QB,P,5.0,171.0,BUF,1.0,4052.0,,,,,,,,,,,,,,,,,,,,,,,,,,,,,,,,00-0033958,2.0,0.0,-1.4639897763263434,0.0,9.54,9.54,4.0,Nathan,,PET071806,44984.0,PeteNa00,11926.0,5757.0,2972236.0,32005045-5407-1806-8416-0c28f3e38ba0,1994-05-04,QB,QB,QB,QB,74.0,225.0,"https://static.www.nfl.com/image/private/f_auto,q_auto/league/owifll49p0mmsjgf7rhn",Pittsburgh; Tennessee,Atlantic Coast Conference,2017.0,2024.0,ATL,DEV,DEV,PS; Vet,8.0,QB,P,5.0,171.0,BUF,1.0,720.0,BUF,Nathan Peterman,QB,98.0,1022.0,0.0958904109589041,2018.0,280.0,267,0.2507042253521127,0.1818181818181817,QB,QB,2018,Nathan Peterman,,,11.048086758187736,176.76938813100378,4,nathan peterman,2017.0,7.0,0.0,0.0,,4.0,0.0,0.0,,0.0,0.0,0.0,,0.0,0.0,0.0,,0.0,0.0,0.0,,0.0,0.0,0.0,,0.0,0.0,0.0,,306.0,314.0,20.0,,185.0,193.0,10.0,,7.0,8.0,0.0,,0.605,0.615,0.5,,27.0,20.0,0.0,,2855.0,2287.0,49.0,,9.3,7.3,2.5,,11.0,0.0,0.0,,1.0,0.0,0.0,,0.0,0.0,0.0,,11.0,-2.0,0.0,,11.0,0.0,0.0,,72.0,86.0,9.0,,42.0,28.0,14.0,,3.0,1.0,1.0,,286.0,233.0,13.0,,4.0,2.7,1.4,
2018.0,CLE,3052587.0,B. Mayfield,23.0,51.2,5.3,580.0,51.5,34.8,0.9,0.0,3.6,53.2,-12.2,Baker,Mayfield,Baker Mayfield,https://a.espncdn.com/i/headshots/nfl/players/full/3052587.png,Browns,True,486.0,13.0,3.0,31.0,6.6,81.0,17.2,MayfBa00,2.2,169.0,84.0,18.0,127.0,24.1,,,,,,,,,,,,2.7918861283643888,6.294677419354838,9.044615384615383,-2.749937965260547,15.637860082304528,63.79345185832164,0.0446153846153842,3725.0,27.0,14.0,93.68998628257886,63.78600823045267,64.13582513461449,-0.3498169041618197,22.097933164465022,63.79345185832164,00-0034855,00-0034855,25.0,173.0,4.0,2.0,4515.0,1696.0,37.93704157179606,1.0,12.11410626987298,1.7734214341222403,39.0,131.0,0.0,3.0,1.0,8.0,-9.446474089549156,0.0,240.1,14.0,0.1812321673887773,Baker Mayfield,Baker,B.Mayfield,Baker,,MAY483453,46070.0,MayfBa00,46518.0,6886.0,32004d41-5948-3453-e6ac-1ecff99fdcf6,1995-04-14,73.0,215.0,"https://static.www.nfl.com/image/upload/f_auto,q_auto/league/i2uufyghiphx4oihgucm",Oklahoma; Texas Tech,Big Twelve Conference,2018.0,2025.0,TB,ACT,ACT,Active,8.0,QB,A,1.0,1.0,CLE,1.0,4581.0,Baker Mayfield,MayfBa00,CLE,23.0,QB,14.0,13.0,39.0,131.0,0.0,8.0,83.0,2.1,48.0,1.2,1.0,39.0,2023-08-21,,,,,,,,,,,,,,00-0034855,3.0,1.0,-9.446474089549156,0.0,240.1,240.1,14.0,Baker,,MAY483453,46070.0,MayfBa00,46518.0,6886.0,3052587.0,32004d41-5948-3453-e6ac-1ecff99fdcf6,1995-04-14,QB,QB,QB,QB,73.0,215.0,"https://static.www.nfl.com/image/upload/f_auto,q_auto/league/i2uufyghiphx4oihgucm",Oklahoma; Texas Tech,Big Twelve Conference,2018.0,2025.0,TB,ACT,ACT,Active,8.0,QB,A,1.0,1.0,CLE,1.0,1582.0,CLE,Baker Mayfield,QB,906.0,1081.0,0.8381128584643849,2019.0,56.0,48,0.8664772727272727,0.925,QB,QB,2019,Baker Mayfield,13.628697352759284,218.0591576441485,18.4650768897366,295.4412302357856,16,baker mayfield,2018.0,1.0,6.0,0.0,,0.0,3.0,0.0,,0.0,0.0,0.0,,0.0,0.0,0.0,,0.0,0.0,0.0,,0.0,0.0,0.0,,0.0,0.0,0.0,,404.0,358.0,395.0,,285.0,254.0,269.0,,6.0,8.0,7.0,,0.705,0.709,0.681,,43.0,40.0,36.0,,4627.0,3965.0,3700.0,,11.5,11.1,9.4,,2.0,0.0,0.0,,1.0,0.0,0.0,,1.0,0.0,0.0,,2.0,0.0,0.0,,2.0,0.0,0.0,,97.0,78.0,141.0,,54.0,16.0,39.0,,5.0,6.0,7.0,,311.0,177.0,405.0,,3.2,2.3,2.9,
2018.0,BUF,3918298.0,J. Allen,24.0,49.8,-0.3,461.0,35.6,-1.8,24.1,0.0,3.5,49.8,-9.7,Josh,Allen,Josh Allen,https://a.espncdn.com/i/headshots/nfl/players/full/3918298.png,Bills,True,320.0,17.0,0.0,18.0,5.9,78.0,25.7,AlleJo02,2.4,126.0,54.0,33.0,115.0,29.2,,,,,,,,,,,,3.2177843749999995,6.47869822485207,11.02934375,-4.550645525147931,13.750000000000002,63.93564576978949,1.40121875,2074.0,10.0,12.0,67.890625,52.81249999999999,60.91919336002321,-8.106693360023215,23.969448079536,67.25752299928982,00-0034857,00-0034857,28.0,213.0,3.0,1.0,3509.0,913.0,-40.56535742536212,1.0,7.912388818404372,0.5488641682280593,89.0,631.0,8.0,5.0,1.0,41.0,33.82010488156174,0.0,206.86,12.0,0.2671367322692288,Josh Allen,Josh,J.Allen,Josh,,ALL529264,46076.0,AlleJo02,46601.0,6892.0,3200414c-4c52-9264-bedc-c4ddaf201fe7,1996-05-21,77.0,237.0,"https://static.www.nfl.com/image/upload/f_auto,q_auto/league/servs1fpsynfxep4rz2z",Wyoming; Reedley,Mountain West Conference,2018.0,2025.0,BUF,ACT,ACT,Active,8.0,QB,A,1.0,7.0,BUF,1.0,4588.0,Josh Allen,AlleJo02,BUF,22.0,QB,12.0,11.0,89.0,631.0,8.0,41.0,351.0,3.9,280.0,3.1,2.0,44.5,2023-08-21,,,,,,,,,,,,,,00-0034857,5.0,1.0,33.82010488156174,0.0,206.86,206.86,12.0,Josh,,ALL529264,46076.0,AlleJo02,46601.0,6892.0,3918298.0,3200414c-4c52-9264-bedc-c4ddaf201fe7,1996-05-21,QB,QB,QB,QB,77.0,237.0,"https://static.www.nfl.com/image/upload/f_auto,q_auto/league/servs1fpsynfxep4rz2z",Wyoming; Reedley,Mountain West Conference,2018.0,2025.0,BUF,ACT,ACT,Active,8.0,QB,A,1.0,7.0,BUF,1.0,736.0,BUF,Josh Allen,QB,719.0,1048.0,0.6860687022900763,2019.0,159.3,146,0.5880681818181819,0.5,QB,QB,2019,Josh Allen,12.549478063560375,200.79164901696603,15.224507248061125,243.592115968978,16,josh allen,2018.0,5.0,8.0,0.0,,2.0,5.0,0.0,,0.0,0.0,0.0,,0.0,0.0,0.0,,0.0,0.0,0.0,,0.0,0.0,0.0,,0.0,0.0,0.0,,270.0,373.0,6.0,,152.0,209.0,4.0,,6.0,15.0,0.0,,0.563,0.56,0.667,,16.0,28.0,0.0,,1812.0,3203.0,51.0,,6.7,8.6,8.5,,2.0,4.0,0.0,,1.0,1.0,0.0,,0.0,1.0,0.0,,2.0,4.0,0.0,,2.0,4.0,0.0,,92.0,143.0,3.0,,22.0,38.0,24.0,,5.0,7.0,0.0,,204.0,512.0,40.0,,2.2,3.6,13.3,
2018.0,ARI,3886377.0,J. Rosen,33.0,24.1,-38.7,491.0,7.9,-13.6,3.3,0.0,1.2,24.7,-17.0,Josh,Rosen,Josh Rosen,https://a.espncdn.com/i/headshots/nfl/players/full/3886377.png,Cardinals,True,393.0,22.0,1.0,21.0,5.7,76.0,20.5,RoseJo01,2.3,106.0,39.0,38.0,122.0,27.0,,,,,,,,,,,,2.7658469387755096,5.8518433179723495,8.37413881748072,-2.5222954995083704,21.62849872773537,58.62328888760848,-0.9626221079691516,2278.0,11.0,14.0,66.73558100084817,55.21628498727736,58.52527080800469,-3.3089858207273366,21.113921522493783,58.62328888760848,00-0034343,00-0034343,45.0,320.0,7.0,5.0,3262.0,977.0,-151.68571166350517,1.0,10.472514143714456,-0.0483928836551468,23.0,138.0,0.0,3.0,0.0,8.0,3.88255398759364,0.0,112.92,14.0,0.1257825205516073,Josh Rosen,Josh,J.Rosen,Josh,,ROS357433,46079.0,RoseJo01,35460.0,6895.0,3200524f-5335-7433-3207-a02a4e884405,1997-02-10,76.0,215.0,"https://static.www.nfl.com/image/private/f_auto,q_auto/league/nqycxzi8tkcyauk55mj8",UCLA,Pacific Twelve Conference,2018.0,2022.0,MIN,DEV,DEV,PS; Vet,4.0,QB,P,1.0,10.0,ARI,1.0,4215.0,Josh Rosen,RoseJo01,ARI,21.0,QB,14.0,13.0,23.0,138.0,0.0,8.0,68.0,3.0,70.0,3.0,0.0,,2023-08-21,,,,,,,,,,,,,,00-0034343,3.0,0.0,3.88255398759364,0.0,112.92,112.92,14.0,Josh,,ROS357433,46079.0,RoseJo01,35460.0,6895.0,3886377.0,3200524f-5335-7433-3207-a02a4e884405,1997-02-10,QB,QB,QB,QB,76.0,215.0,"https://static.www.nfl.com/image/private/f_auto,q_auto/league/nqycxzi8tkcyauk55mj8",UCLA,Pacific Twelve Conference,2018.0,2022.0,MIN,DEV,DEV,PS; Vet,4.0,QB,P,1.0,10.0,ARI,1.0,88.0,ARI,Josh Rosen,QB,781.0,936.0,0.8344017094017094,2019.0,292.0,269,0.2386363636363636,0.25,QB,QB,2019,Josh Rosen,8.331334871286744,133.3013579405879,9.716830944325508,155.4692951092081,6,josh rosen,2018.0,8.0,6.0,0.0,,3.0,2.0,0.0,,0.0,0.0,0.0,,0.0,0.0,0.0,,0.0,0.0,0.0,,0.0,0.0,0.0,,0.0,0.0,0.0,,451.0,231.0,487.0,,282.0,137.0,292.0,,10.0,5.0,11.0,,0.625,0.593,0.6,,26.0,10.0,23.0,,3717.0,1915.0,3670.0,,8.2,8.3,7.5,,0.0,0.0,0.0,,0.0,0.0,0.0,,0.0,0.0,0.0,,0.0,0.0,0.0,,0.0,0.0,0.0,,50.0,22.0,37.0,,14.0,12.0,37.0,,2.0,2.0,2.0,,-97.0,-72.0,15.0,,-1.9,-3.3,0.4,
2018.0,BAL,3916387.0,L. Jackson,31.0,42.6,-3.6,338.0,27.7,6.6,13.8,0.0,0.4,46.3,-6.8,Lamar,Jackson,Lamar Jackson,https://a.espncdn.com/i/headshots/nfl/players/full/3916387.png,Ravens,True,170.0,6.0,0.0,7.0,4.3,34.0,20.7,JackLa00,2.5,51.0,33.0,9.0,58.0,28.3,,,,,,,,,,,,3.101252941176471,6.497070707070708,8.323392857142858,-1.8263221500721505,17.647058823529413,35.75987276263717,-0.5099404761904762,1201.0,6.0,3.0,84.46078431372548,58.235294117647065,63.64061746527167,-5.405323347624602,19.636329649030635,58.58355144577699,00-0034796,00-0034796,16.0,71.0,2.0,2.0,1475.0,510.0,-7.153491226755776,0.0,10.050947144317949,0.534764372872354,147.0,695.0,5.0,10.0,2.0,45.0,1.9272301576465336,0.0,157.54000000000002,16.0,0.1157769416191428,Lamar Jackson,Lamar,L.Jackson,Lamar,,JAC323395,46101.0,JackLa00,46416.0,6917.0,32004a41-4332-3395-efb0-6c7b75de50af,1997-01-07,74.0,205.0,"https://static.www.nfl.com/image/upload/f_auto,q_auto/league/cruqs6qpbykh7a2whd7p",Louisville,Atlantic Coast Conference,2018.0,2025.0,BAL,ACT,ACT,Active,8.0,QB,A,1.0,32.0,BAL,1.0,4503.0,Lamar Jackson,JackLa00,BAL,21.0,QB,16.0,7.0,147.0,695.0,5.0,45.0,499.0,3.4,196.0,1.3,3.0,49.0,2023-08-21,,,,,,,,,,,,,,00-0034796,10.0,2.0,1.9272301576465336,0.0,157.54000000000002,157.54000000000002,16.0,Lamar,,JAC323395,46101.0,JackLa00,46416.0,6917.0,3916387.0,32004a41-4332-3395-efb0-6c7b75de50af,1997-01-07,QB,QB,QB,QB,74.0,205.0,"https://static.www.nfl.com/image/upload/f_auto,q_auto/league/cruqs6qpbykh7a2whd7p",Louisville,Atlantic Coast Conference,2018.0,2025.0,BAL,ACT,ACT,Active,8.0,QB,A,1.0,32.0,BAL,1.0,513.0,BAL,Lamar Jackson,QB,585.0,1140.0,0.5131578947368421,2019.0,104.3,99,0.7215909090909092,0.675,QB,QB,2019,Lamar Jackson,13.775617272954213,220.4098763672674,17.045518023103092,272.7282883696495,15,lamar jackson,2018.0,9.0,8.0,0.0,,3.0,5.0,0.0,,0.0,0.0,0.0,,0.0,0.0,0.0,,0.0,0.0,0.0,,0.0,0.0,0.0,,0.0,0.0,0.0,,430.0,409.0,247.0,,254.0,230.0,135.0,,10.0,9.0,8.0,,0.591,0.562,0.547,,27.0,30.0,12.0,,3660.0,3543.0,1840.0,,8.5,8.7,7.4,,0.0,0.0,0.0,,0.0,0.0,0.0,,0.0,0.0,0.0,,0.0,0.0,0.0,,0.0,0.0,0.0,,232.0,260.0,163.0,,75.0,72.0,73.0,,18.0,21.0,11.0,,1601.0,1571.0,960.0,,6.9,6.0,5.9,
2018.0,NYJ,3912547.0,S. Darnold,28.0,45.9,-6.6,510.0,36.6,23.5,3.3,0.0,-1.1,45.5,-10.9,Sam,Darnold,Sam Darnold,https://a.espncdn.com/i/headshots/nfl/players/full/3912547.png,Jets,True,414.0,24.0,1.0,19.0,4.9,75.0,19.3,DarnSa00,2.4,107.0,69.0,12.0,111.0,24.2,,,,,,,,,,,,2.907946731234867,6.515020920502093,9.350217917675543,-2.835196997173452,19.565217391304348,54.12780801030095,0.1080871670702181,2865.0,17.0,15.0,77.61674718196457,57.729468599033815,59.70360902160549,-1.9741404225716792,22.625101388336574,60.788344277501096,00-0034869,00-0034869,30.0,204.0,1.0,1.0,3832.0,1278.0,-13.170609732253542,0.0,10.496121224966233,0.9104552663202056,43.0,135.0,1.0,4.0,1.0,16.0,-5.928581931061885,0.0,168.1,13.0,0.1742510625064786,Sam Darnold,Sam,,,,DAR466141,46072.0,DarnSa00,29048.0,6888.0,32004441-5246-6141-9e5c-6e7d32a03e33,1997-06-05,75.0,225.0,"https://static.www.nfl.com/image/upload/f_auto,q_auto/league/s5t8m6bhedjwwtfw3ild",USC,,2018.0,2025.0,SEA,ACT,,,8.0,QB,A,1.0,3.0,NYJ,1.0,4604.0,Sam Darnold,DarnSa00,NYJ,21.0,QB,13.0,13.0,44.0,138.0,1.0,16.0,90.0,2.0,48.0,1.1,2.0,22.0,2023-08-21,,,,,,,,,,,,,,00-0034869,4.0,1.0,-5.928581931061885,0.0,168.1,168.1,13.0,,,DAR466141,46072.0,DarnSa00,29048.0,6888.0,3912547.0,32004441-5246-6141-9e5c-6e7d32a03e33,1997-06-05,QB,QB,,,75.0,225.0,"https://static.www.nfl.com/image/upload/f_auto,q_auto/league/s5t8m6bhedjwwtfw3ild",USC,,2018.0,2025.0,SEA,ACT,,,8.0,QB,A,1.0,3.0,NYJ,1.0,5073.0,NYJ,Sam Darnold,QB,810.0,998.0,0.811623246492986,2019.0,185.7,165,0.5340909090909092,0.425,QB,QB,2019,Sam Darnold,13.886090118493335,222.1774418958934,14.610280786811368,233.76449258898188,13,sam darnold,2018.0,12.0,9.0,,,9.0,5.0,,,0.0,0.0,,,0.0,0.0,,,0.0,0.0,,,0.0,0.0,,,0.0,0.0,,,480.0,366.0,,,303.0,246.0,,,13.0,9.0,,,0.631,0.672,,,26.0,31.0,,,4143.0,3086.0,,,8.6,8.4,,,0.0,0.0,,,0.0,0.0,,,0.0,0.0,,,0.0,0.0,,,0.0,0.0,,,75.0,62.0,,,39.0,18.0,,,5.0,2.0,,,82.0,250.0,,,1.1,4.0,,
2019.0,NYG,3917792.0,D. Jones,17.0,55.7,11.5,577.0,55.1,22.2,11.6,0.0,4.0,57.0,-17.4,Daniel,Jones,Daniel Jones,https://a.espncdn.com/i/headshots/nfl/players/full/3917792.png,Giants,True,459.0,12.0,0.0,17.0,3.8,80.0,17.9,JoneDa05,2.5,131.0,48.0,66.0,152.0,29.0,6.0,318.0,71.1,37.0,325.0,28.0,297.0,5.0,28.0,75.0,639.0,2.843729847494554,5.6770774647887325,8.194330357142857,-2.517252892354124,22.440087145969496,47.415407833319335,-0.6895982142857144,3027.0,24.0,12.0,87.65885984023237,61.87363834422658,61.27174056169612,0.6018977825304574,21.31537677458142,53.40647619905287,00-0035710,00-0035710,38.0,295.0,12.0,8.0,3689.0,1395.0,-41.362857041037465,2.0,10.978576866804314,0.7932810394234457,45.0,279.0,2.0,5.0,2.0,21.0,16.20413619128367,0.0,216.98,13.0,0.1859106175885941,Daniel Jones,Daniel,D.Jones,Daniel,,JON165462,47789.0,JoneDa05,39395.0,7797.0,32004a4f-4e16-5462-39a4-3b4fa743c66f,1997-05-27,77.0,230.0,"https://static.www.nfl.com/image/upload/f_auto,q_auto/league/nhuiypfjzpkisxllinyv",Duke,Atlantic Coast Conference,2019.0,2025.0,IND,ACT,ACT,Active,7.0,QB,A,1.0,6.0,NYG,1.0,5057.0,Daniel Jones,JoneDa05,NYG,22.0,QB,13.0,12.0,45.0,279.0,2.0,21.0,236.0,5.2,43.0,1.0,2.0,22.5,2023-08-21,,,,,,,,,,,,,,00-0035710,5.0,2.0,16.20413619128367,0.0,216.98,216.98,13.0,Daniel,,JON165462,47789.0,JoneDa05,39395.0,7797.0,3917792.0,32004a4f-4e16-5462-39a4-3b4fa743c66f,1997-05-27,QB,QB,QB,QB,77.0,230.0,"https://static.www.nfl.com/image/upload/f_auto,q_auto/league/nhuiypfjzpkisxllinyv",Duke,Atlantic Coast Conference,2019.0,2025.0,IND,ACT,ACT,Active,7.0,QB,A,1.0,6.0,NYG,1.0,4851.0,NYG,Daniel Jones,QB,816.0,1013.0,0.805528134254689,2020.0,131.3,111,0.7708333333333334,0.8311688311688312,QB,QB,2020,Daniel Jones,13.897594883844148,222.3615181415064,16.405508162996725,262.4881306079476,14,daniel jones,2019.0,5.0,8.0,4.0,,4.0,4.0,4.0,,0.0,0.0,0.0,,0.0,0.0,0.0,,0.0,0.0,0.0,,0.0,0.0,0.0,,0.0,0.0,0.0,,392.0,453.0,415.0,,237.0,257.0,263.0,,9.0,11.0,9.0,,0.605,0.567,0.634,,22.0,14.0,15.0,,2674.0,2691.0,2795.0,,6.8,5.9,6.7,,6.0,0.0,0.0,,1.0,0.0,1.0,,0.0,0.0,0.0,,6.0,0.0,0.0,,6.0,0.0,0.0,,104.0,161.0,120.0,,68.0,33.0,29.0,,3.0,7.0,7.0,,319.0,518.0,431.0,,3.1,3.2,3.6,
2019.0,,,,,,,,,,,,,,,,,,,,,,,,,,,,,,,,,,,,,,,,,,,,,,2.829083333333333,4.640700000000001,6.945065789473685,-2.3043657894736844,14.102564102564102,46.85520888866039,-1.9365131578947363,1020.0,7.0,3.0,89.69017094017096,64.1025641025641,66.45993237885145,-2.357368276287346,20.81635350474495,58.20598336940972,00-0035704,00-0035704,5.0,26.0,1.0,0.0,1065.0,550.0,13.724927438346413,0.0,4.874424993923822,0.5200850741642931,18.0,72.0,0.0,2.0,1.0,5.0,-8.388552155462094,0.0,68.0,5.0,0.1841620626151013,Drew Lock,Drew,D.Lock,Drew,,LOC374482,47825.0,LockDr00,39517.0,7833.0,32004c4f-4337-4482-904c-a47f8df1d41b,1996-11-10,76.0,228.0,"https://static.www.nfl.com/image/upload/f_auto,q_auto/league/e0xz0hu8s0lpbwlr0bzj",Missouri,Southeastern Conference,2019.0,2025.0,SEA,ACT,ACT,Active,7.0,QB,A,2.0,42.0,DEN,1.0,5052.0,Drew Lock,LockDr00,DEN,23.0,QB,5.0,5.0,18.0,72.0,0.0,5.0,63.0,3.5,9.0,0.5,2.0,9.0,2023-08-21,,,,,,,,,,,,,,00-0035704,2.0,1.0,-8.388552155462094,0.0,68.0,68.0,5.0,Drew,,LOC374482,47825.0,LockDr00,39517.0,7833.0,3924327.0,32004c4f-4337-4482-904c-a47f8df1d41b,1996-11-10,QB,QB,QB,QB,76.0,228.0,"https://static.www.nfl.com/image/upload/f_auto,q_auto/league/e0xz0hu8s0lpbwlr0bzj",Missouri,Southeastern Conference,2019.0,2025.0,SEA,ACT,ACT,Active,7.0,QB,A,2.0,42.0,DEN,1.0,2021.0,DEN,Drew Lock,QB,191.0,899.0,0.2124582869855394,2020.0,181.8,162,0.6645833333333333,0.6883116883116883,QB,QB,2020,Drew Lock,14.063694668231184,225.01911469169892,14.757905515484474,236.1264882477516,13,drew lock,2019.0,6.0,4.0,4.0,0.0,2.0,4.0,2.0,0.0,0.0,0.0,0.0,0.0,0.0,0.0,0.0,0.0,0.0,0.0,0.0,0.0,0.0,0.0,0.0,0.0,0.0,0.0,0.0,0.0,437.0,419.0,434.0,263.0,275.0,242.0,237.0,129.0,8.0,13.0,10.0,8.0,0.629,0.578,0.546,0.49,28.0,44.0,23.0,4.0,3498.0,3964.0,3399.0,1332.0,8.0,9.5,7.8,5.1,0.0,0.0,21.0,0.0,0.0,0.0,1.0,0.0,0.0,0.0,1.0,0.0,0.0,0.0,21.0,0.0,0.0,0.0,21.0,0.0,55.0,44.0,52.0,52.0,27.0,34.0,24.0,33.0,6.0,1.0,1.0,1.0,175.0,111.0,123.0,28.0,3.2,2.5,2.4,0.5
2019.0,,,,,,,,,,,,,,,,,,,,,,,,,,,,,,,,,,,,,,,,,,,,,,2.8733960396039606,6.375798319327731,8.731785714285715,-2.3559873949579844,22.660098522167488,52.82795188155604,-0.7018877551020405,1365.0,7.0,7.0,76.07758620689654,58.620689655172406,63.01443336412237,-4.3937437089499625,21.587642359423704,55.9348201034025,00-0035232,00-0035232,29.0,204.0,3.0,2.0,1751.0,615.0,-51.38989576968776,1.0,8.124388034380033,0.3859540465524965,20.0,101.0,0.0,3.0,0.0,7.0,2.1725697331559584,0.0,76.7,9.0,0.128295196039074,Dwayne Haskins,Dwayne,D.Haskins,Dwayne,,HAS285847,47798.0,HaskDw00,41897.0,,32004841-5328-5847-4bf1-f4c48a3a3bc6,1997-05-03,76.0,230.0,"https://static.www.nfl.com/image/private/f_auto,q_auto/league/cctguuvjeglkuo1o6yvx",Ohio State,Big Ten Conference,2019.0,2021.0,PIT,ACT,ACT,Active,3.0,,,1.0,15.0,WAS,1.0,4763.0,Dwayne Haskins,HaskDw00,WAS,22.0,QB,9.0,7.0,20.0,101.0,0.0,7.0,72.0,3.6,29.0,1.5,0.0,,2023-08-21,,,,,,,,,,,,,,00-0035232,3.0,0.0,2.1725697331559584,0.0,76.7,76.7,9.0,Dwayne,,HAS285847,47798.0,HaskDw00,41897.0,,4040616.0,32004841-5328-5847-4bf1-f4c48a3a3bc6,1997-05-03,QB,QB,QB,QB,76.0,230.0,"https://static.www.nfl.com/image/private/f_auto,q_auto/league/cctguuvjeglkuo1o6yvx",Ohio State,Big Ten Conference,2019.0,2021.0,PIT,ACT,ACT,Active,3.0,,,1.0,15.0,WAS,1.0,6812.0,WAS,Dwayne Haskins,QB,249.0,734.0,0.3392370572207084,2020.0,261.3,251,0.4791666666666666,0.5454545454545454,QB,QB,2020,Dwayne Haskins,12.087130597878152,193.39408956605044,12.343286134527109,197.4925781524337,7,dwayne haskins,2019.0,4.0,2.0,,,2.0,2.0,,,0.0,0.0,,,0.0,0.0,,,0.0,0.0,,,0.0,0.0,,,0.0,0.0,,,531.0,57.0,,,371.0,40.0,,,8.0,1.0,,,0.699,0.702,,,49.0,4.0,,,4751.0,565.0,,,8.9,9.9,,,0.0,0.0,,,0.0,0.0,,,0.0,0.0,,,0.0,0.0,,,0.0,0.0,,,79.0,24.0,,,17.0,22.0,,,4.0,0.0,,,108.0,86.0,,,1.4,3.6,,
2019.0,,,,,,,,,,,,,,,,,,,,,,,,,,,,,,,,,,,,,,,,,,,,,,,,,,,,,,,,,,,,,,,00-0035264,1.0,7.0,0.0,0.0,21.0,5.0,-10.149865640560163,0.0,0.7777777777777778,0.0,2.0,-2.0,0.0,0.0,0.0,0.0,0.0,0.0,-1.64,3.0,-0.0049016677625679,Jarrett Stidham,Jarrett,J.Stidham,Jarrett,,STI129837,47916.0,StidJa00,13725.0,7924.0,32005354-4912-9837-7193-9c8d8376b821,1996-08-08,75.0,215.0,"https://static.www.nfl.com/image/upload/f_auto,q_auto/league/hlq7q7zkusdhmudwbodl",Auburn; McLennan CC; Baylor,Southeastern Conference,2019.0,2025.0,DEN,ACT,ACT,Active,6.0,QB,A,4.0,133.0,NE,1.0,4797.0,Jarrett Stidham,StidJa00,NE,23.0,QB,3.0,0.0,2.0,-2.0,0.0,0.0,-2.0,-1.0,0.0,0.0,0.0,,2023-08-21,,,,,,,,,,,,,,00-0035264,0.0,0.0,0.0,0.0,-1.64,-1.64,3.0,Jarrett,,STI129837,47916.0,StidJa00,13725.0,7924.0,3892775.0,32005354-4912-9837-7193-9c8d8376b821,1996-08-08,QB,QB,QB,QB,75.0,215.0,"https://static.www.nfl.com/image/upload/f_auto,q_auto/league/hlq7q7zkusdhmudwbodl",Auburn; McLennan CC; Baylor,Southeastern Conference,2019.0,2025.0,DEN,ACT,ACT,Active,6.0,QB,A,4.0,133.0,NE,1.0,4404.0,NE,Jarrett Stidham,QB,15.0,915.0,0.0163934426229508,2020.0,287.0,281,0.4166666666666666,0.4415584415584416,QB,QB,2020,Jarrett Stidham,,,10.894546053793189,174.31273686069102,5,jarrett stidham,2019.0,4.0,8.0,0.0,,2.0,6.0,0.0,,0.0,0.0,0.0,,0.0,0.0,0.0,,0.0,0.0,0.0,,0.0,0.0,0.0,,0.0,0.0,0.0,,369.0,370.0,109.0,,224.0,246.0,75.0,,5.0,6.0,2.0,,0.607,0.665,0.688,,18.0,18.0,12.0,,2795.0,3158.0,1265.0,,7.6,8.5,11.6,,0.0,0.0,0.0,,0.0,0.0,0.0,,0.0,0.0,0.0,,0.0,0.0,0.0,,0.0,0.0,0.0,,71.0,103.0,36.0,,18.0,24.0,16.0,,3.0,4.0,2.0,,-5.0,153.0,70.0,,-0.1,1.5,1.9,
2019.0,ARI,3917315.0,K. Murray,15.0,57.7,16.2,709.0,71.6,37.3,13.4,0.0,3.0,58.0,-17.8,Kyler,Murray,Kyler Murray,https://a.espncdn.com/i/headshots/nfl/players/full/3917315.png,Cardinals,True,542.0,24.0,4.0,17.0,3.3,92.0,17.9,MurrKy00,2.3,151.0,63.0,16.0,127.0,20.6,18.0,378.0,73.5,108.0,780.0,70.0,536.0,33.0,244.0,116.0,938.0,2.7276765799256504,5.081060171919771,7.116808510638299,-2.035748338718528,14.022140221402212,55.123973913352806,-1.8619148936170211,3722.0,20.0,12.0,87.43081180811808,64.39114391143912,67.16352242880201,-2.7723785173628954,20.95449242009165,55.33198080676311,00-0035228,00-0035228,48.0,309.0,2.0,0.0,4037.0,1894.0,0.6136850843552937,3.0,17.164421472475254,1.3052396010736178,92.0,539.0,4.0,3.0,2.0,27.0,-0.5649789742467792,0.0,285.98,16.0,0.2082611165324283,Kyler Murray,Kyler,K.Murray,Kyler,,MUR670413,47784.0,MurrKy00,38334.0,7792.0,32004d55-5267-0413-8d36-a5c3fd781aa0,1997-08-07,70.0,207.0,"https://static.www.nfl.com/image/upload/f_auto,q_auto/league/flezsremqighwuiyu77f",Oklahoma; Texas A&M,Big Twelve Conference,2019.0,2025.0,ARI,ACT,ACT,Active,7.0,QB,A,1.0,1.0,ARI,1.0,4751.0,Kyler Murray,MurrKy00,ARI,22.0,QB,16.0,16.0,93.0,544.0,4.0,27.0,445.0,4.8,99.0,1.1,4.0,23.3,2023-08-21,,,,,,,,,,,,,,00-0035228,3.0,2.0,-0.5649789742467792,0.0,285.98,285.98,16.0,Kyler,,MUR670413,47784.0,MurrKy00,38334.0,7792.0,3917315.0,32004d55-5267-0413-8d36-a5c3fd781aa0,1997-08-07,QB,QB,QB,QB,70.0,207.0,"https://static.www.nfl.com/image/upload/f_auto,q_auto/league/flezsremqighwuiyu77f",Oklahoma; Texas A&M,Big Twelve Conference,2019.0,2025.0,ARI,ACT,ACT,Active,7.0,QB,A,1.0,1.0,ARI,1.0,110.0,ARI,Kyler Murray,QB,951.0,983.0,0.9674465920651067,2020.0,58.5,51,0.8958333333333334,0.961038961038961,QB,QB,2020,Kyler Murray,17.326007112579468,277.2161138012715,18.30786134841988,292.92578157471803,16,kyler murray,2019.0,3.0,0.0,0.0,,2.0,0.0,0.0,,0.0,0.0,0.0,,0.0,0.0,0.0,,0.0,0.0,0.0,,0.0,0.0,0.0,,0.0,0.0,0.0,,376.0,21.0,121.0,,259.0,18.0,72.0,,7.0,0.0,7.0,,0.689,0.857,0.595,,42.0,3.0,5.0,,4364.0,359.0,686.0,,11.6,17.1,5.7,,0.0,0.0,0.0,,0.0,0.0,0.0,,0.0,0.0,0.0,,0.0,0.0,0.0,,0.0,0.0,0.0,,140.0,14.0,53.0,,75.0,66.0,34.0,,12.0,0.0,1.0,,1001.0,142.0,335.0,,7.2,10.1,6.3,
2019.0,,,,,,,,,,,,,,,,,,,,,,,,,,,,,,,,,,,,,,,,,,,,,,,,,,,,,,,,,,,,,,,00-0035146,0.0,0.0,0.0,0.0,0.0,0.0,0.0,0.0,0.0,0.0,1.0,1.0,0.0,0.0,0.0,1.0,0.4531608445104211,0.0,0.1,1.0,0.0020517029134181,Trace McSorley,Trace,T.McSorley,Trace,,MCS410965,47980.0,McSoTr00,32819.0,7988.0,32004d43-5341-0965-ebd1-9af7818f36ae,1995-08-23,72.0,202.0,"https://static.www.nfl.com/image/private/f_auto,q_auto/league/gfl6nhrkzshnhcsxfvqy",Penn State,Big Ten Conference,2019.0,2023.0,PIT,CUT,CUT,Active,5.0,QB,A,6.0,197.0,BAL,1.0,4711.0,Trace McSorley,McSoTr00,BAL,24.0,QB,1.0,0.0,1.0,1.0,0.0,1.0,0.0,0.0,1.0,1.0,0.0,,2023-08-21,,,,,,,,,,,,,,00-0035146,0.0,0.0,0.4531608445104211,0.0,0.1,0.1,1.0,Trace,,MCS410965,47980.0,McSoTr00,32819.0,7988.0,3116172.0,32004d43-5341-0965-ebd1-9af7818f36ae,1995-08-23,QB,QB,QB,QB,72.0,202.0,"https://static.www.nfl.com/image/private/f_auto,q_auto/league/gfl6nhrkzshnhcsxfvqy",Penn State,Big Ten Conference,2019.0,2023.0,PIT,CUT,CUT,Active,5.0,QB,A,6.0,197.0,BAL,1.0,536.0,BAL,Trace McSorley,QB,1.0,911.0,0.0010976948408342,2020.0,413.0,411,0.1458333333333333,0.1298701298701299,QB,QB,2020,Trace McSorley,,,6.573874472769365,105.18199156430984,2,trace mcsorley,2019.0,3.0,2.0,10.0,0.0,2.0,1.0,4.0,0.0,0.0,0.0,0.0,0.0,0.0,0.0,0.0,0.0,0.0,0.0,0.0,0.0,0.0,0.0,0.0,0.0,0.0,0.0,0.0,0.0,361.0,427.0,387.0,40.0,192.0,284.0,224.0,20.0,7.0,10.0,8.0,0.0,0.532,0.665,0.579,0.5,18.0,28.0,29.0,2.0,2513.0,3570.0,3614.0,185.0,7.0,8.4,9.3,4.6,0.0,0.0,0.0,0.0,0.0,0.0,0.0,0.0,0.0,0.0,0.0,0.0,0.0,0.0,0.0,0.0,0.0,0.0,0.0,0.0,169.0,144.0,146.0,13.0,51.0,36.0,26.0,14.0,12.0,11.0,7.0,0.0,799.0,491.0,365.0,43.0,4.7,3.4,2.5,3.3
2020.0,,,,,,,,,,,,,,,,,,,,,,,,,,,,,,,,,,,,,,,,,,,,,,3.113176870748299,7.7848051948051955,9.735925925925926,-1.9511207311207304,14.18918918918919,50.74208509708682,0.3951851851851849,1061.0,6.0,4.0,77.56193693693695,52.02702702702703,55.65535621214155,-3.628329185114517,24.25898485276439,53.816336738949445,00-0036389,00-0036389,13.0,59.0,3.0,0.0,1353.0,468.0,-4.621174206143219,0.0,7.654834974246946,-0.0025015497506725,63.0,354.0,3.0,6.0,2.0,25.0,2.778729626588756,0.0,108.14,14.0,0.0919352393146554,Jalen Hurts,Jalen,J.Hurts,Jalen,,HUR767022,52461.0,HurtJa00,40291.0,8793.0,32004855-5276-7022-85cf-a74490936f42,1998-08-07,73.0,223.0,"https://static.www.nfl.com/image/upload/f_auto,q_auto/league/c47i9v6gmokkun9cat9s",Oklahoma; Alabama,Big Twelve Conference,2020.0,2025.0,PHI,ACT,ACT,Active,6.0,QB,A,2.0,53.0,PHI,1.0,5393.0,Jalen Hurts,HurtJa00,PHI,22.0,QB,15.0,4.0,63.0,354.0,3.0,25.0,285.0,4.5,69.0,1.1,4.0,15.8,2023-08-21,,,,,,,,,,,,,,00-0036389,6.0,2.0,2.778729626588756,0.0,108.14,109.14,14.0,Jalen,,HUR767022,52461.0,HurtJa00,40291.0,8793.0,4040715.0,32004855-5276-7022-85cf-a74490936f42,1998-08-07,QB,QB,QB,QB,73.0,223.0,"https://static.www.nfl.com/image/upload/f_auto,q_auto/league/c47i9v6gmokkun9cat9s",Oklahoma; Alabama,Big Twelve Conference,2020.0,2025.0,PHI,ACT,ACT,Active,6.0,QB,A,2.0,53.0,PHI,1.0,5439.0,PHI,Jalen Hurts,QB,334.0,1112.0,0.3003597122302158,2021.0,97.0,89,0.7934272300469484,0.8035714285714286,QB,QB,2021,Jalen Hurts,11.479160926844296,195.14573575635305,17.57431041183235,298.76327700115,15,jalen hurts,2020.0,8.0,2.0,4.0,11.0,6.0,1.0,2.0,5.0,0.0,0.0,0.0,0.0,0.0,0.0,0.0,0.0,0.0,0.0,0.0,0.0,0.0,0.0,0.0,0.0,0.0,0.0,0.0,0.0,341.0,70.0,254.0,382.0,237.0,51.0,154.0,240.0,8.0,2.0,1.0,9.0,0.695,0.729,0.606,0.628,32.0,8.0,17.0,23.0,3851.0,765.0,2081.0,2780.0,11.3,10.9,8.2,7.3,21.0,9.0,0.0,0.0,2.0,2.0,1.0,0.0,1.0,0.0,0.0,0.0,25.0,16.0,-1.0,0.0,12.5,8.0,-1.0,0.0,233.0,36.0,154.0,191.0,52.0,27.0,55.0,60.0,20.0,2.0,8.0,13.0,1298.0,167.0,855.0,954.0,5.6,4.6,5.6,5.0
2020.0,CIN,3915511.0,J. Burrow,24.0,48.5,-4.6,510.0,47.8,46.9,-0.5,0.0,1.5,46.8,-13.3,Joe,Burrow,Joe Burrow,https://a.espncdn.com/i/headshots/nfl/players/full/3915511.png,Bengals,True,404.0,8.0,3.0,19.0,4.8,58.0,14.8,BurrJo01,2.3,138.0,30.0,47.0,109.0,24.1,4.0,296.0,75.3,38.0,185.0,34.0,170.0,2.0,15.0,78.0,503.0,2.648600997506234,5.727537878787879,8.78208651399491,-3.0545486352070315,21.534653465346533,45.59974232383337,-0.1441221374045803,2688.0,13.0,5.0,89.83085808580859,65.34653465346535,60.85804798455891,4.488486668906447,21.045765376754478,65.75714790043742,00-0036442,00-0036442,32.0,231.0,5.0,3.0,3429.0,1142.0,48.96672468471529,0.0,7.91044962850991,1.2004034493355558,37.0,142.0,3.0,4.0,1.0,14.0,-0.1412207186842966,0.0,173.72,10.0,0.1907627435047108,Joe Burrow,Joe,J.Burrow,Joe,,BUR679731,52409.0,BurrJo01,28022.0,8741.0,32004255-5267-9731-81c8-48673dcec5e2,1996-12-10,76.0,215.0,"https://static.www.nfl.com/image/upload/f_auto,q_auto/league/gnnvcgui1cijybukk2w7",LSU; Ohio State,Southeastern Conference,2020.0,2025.0,CIN,RES,RES,R/Injured,6.0,QB,IR,1.0,1.0,CIN,1.0,5458.0,Joe Burrow,BurrJo01,CIN,24.0,QB,10.0,10.0,37.0,142.0,3.0,14.0,119.0,3.2,23.0,0.6,3.0,12.3,2023-08-21,,,,,,,,,,,,,,00-0036442,4.0,1.0,-0.1412207186842966,0.0,173.72,173.72,10.0,Joe,,BUR679731,52409.0,BurrJo01,28022.0,8741.0,3915511.0,32004255-5267-9731-81c8-48673dcec5e2,1996-12-10,QB,QB,QB,QB,76.0,215.0,"https://static.www.nfl.com/image/upload/f_auto,q_auto/league/gnnvcgui1cijybukk2w7",LSU; Ohio State,Southeastern Conference,2020.0,2025.0,CIN,RES,RES,R/Injured,6.0,QB,IR,1.0,1.0,CIN,1.0,1411.0,CIN,Joe Burrow,QB,709.0,1057.0,0.6707663197729423,2021.0,111.2,101,0.7652582159624413,0.7857142857142857,QB,QB,2021,Joe Burrow,16.493504312107206,280.3895733058225,17.042047233529534,289.7148029700021,16,joe burrow,2020.0,4.0,5.0,1.0,1.0,1.0,4.0,0.0,0.0,0.0,0.0,0.0,0.0,0.0,0.0,0.0,0.0,0.0,0.0,0.0,0.0,0.0,0.0,0.0,0.0,0.0,0.0,0.0,0.0,527.0,379.0,11.0,28.0,402.0,219.0,7.0,22.0,6.0,5.0,0.0,0.0,0.763,0.578,0.636,0.786,60.0,16.0,0.0,2.0,5671.0,2893.0,61.0,226.0,10.8,7.6,5.5,8.1,16.0,0.0,0.0,0.0,1.0,0.0,0.0,0.0,0.0,0.0,0.0,0.0,16.0,0.0,0.0,0.0,16.0,0.0,0.0,0.0,115.0,128.0,3.0,12.0,29.0,59.0,4.0,12.0,5.0,7.0,0.0,1.0,369.0,399.0,-5.0,58.0,3.2,3.1,-1.7,4.8
2020.0,LAC,4038941.0,J. Herbert,13.0,62.6,36.4,699.0,102.3,94.9,3.7,0.0,3.7,67.6,-13.3,Justin,Herbert,Justin Herbert,https://a.espncdn.com/i/headshots/nfl/players/full/4038941.png,Chargers,True,595.0,7.0,4.0,23.0,3.9,105.0,18.0,HerbJu00,2.4,170.0,85.0,70.0,187.0,28.7,7.0,447.0,76.5,32.0,196.0,20.0,115.0,10.0,81.0,127.0,1140.0,2.6873045685279187,5.216843434343434,7.502344827586207,-2.285501393242773,17.983193277310924,63.16346095647388,-1.27351724137931,4336.0,31.0,10.0,98.27380952380952,66.55462184873949,64.138552873638,2.416068975101481,20.84259542791322,63.16346095647388,00-0036355,00-0036355,32.0,218.0,4.0,1.0,4368.0,2220.0,89.51523688016161,2.0,15.326628092003448,1.9310098106265752,55.0,234.0,5.0,4.0,0.0,20.0,0.6646792313549668,0.0,332.84000000000003,15.0,0.2187578047978968,Justin Herbert,Justin,J.Herbert,Justin,,HER031169,52414.0,HerbJu00,28237.0,8746.0,32004845-5203-1169-a699-ce41d700202a,1998-03-10,78.0,236.0,"https://static.www.nfl.com/image/upload/f_auto,q_auto/league/s1oelyaroiaalgilbeqk",Oregon,Pacific Twelve Conference,2020.0,2025.0,LAC,ACT,ACT,Active,6.0,QB,A,1.0,6.0,LAC,1.0,5355.0,Justin Herbert,HerbJu00,LAC,22.0,QB,15.0,15.0,55.0,234.0,5.0,20.0,177.0,3.2,57.0,1.0,2.0,27.5,2023-08-21,,,,,,,,,,,,,,00-0036355,4.0,0.0,0.6646792313549668,0.0,332.84000000000003,332.84000000000003,15.0,Justin,,HER031169,52414.0,HerbJu00,28237.0,8746.0,4038941.0,32004845-5203-1169-a699-ce41d700202a,1998-03-10,QB,QB,QB,QB,78.0,236.0,"https://static.www.nfl.com/image/upload/f_auto,q_auto/league/s1oelyaroiaalgilbeqk",Oregon,Pacific Twelve Conference,2020.0,2025.0,LAC,ACT,ACT,Active,6.0,QB,A,1.0,6.0,LAC,1.0,3676.0,LAC,Justin Herbert,QB,1097.0,1171.0,0.936806148590948,2021.0,62.2,60,0.8615023474178404,0.875,QB,QB,2021,Justin Herbert,11.49710763237867,195.45082975043735,18.800492517203065,319.6083727924521,17,justin herbert,2020.0,4.0,2.0,4.0,1.0,1.0,0.0,2.0,0.0,0.0,0.0,0.0,0.0,0.0,0.0,0.0,0.0,0.0,0.0,0.0,0.0,0.0,0.0,0.0,0.0,0.0,0.0,0.0,0.0,428.0,404.0,206.0,255.0,286.0,240.0,139.0,162.0,6.0,8.0,5.0,4.0,0.668,0.594,0.675,0.635,32.0,29.0,15.0,19.0,3471.0,3151.0,1983.0,1936.0,8.1,7.8,9.6,7.6,0.0,0.0,0.0,0.0,0.0,0.0,0.0,0.0,0.0,0.0,0.0,0.0,0.0,0.0,0.0,0.0,0.0,0.0,0.0,0.0,58.0,71.0,44.0,58.0,30.0,37.0,40.0,26.0,4.0,2.0,5.0,2.0,50.0,166.0,183.0,161.0,0.9,2.3,4.2,2.8
2020.0,MIA,4241479.0,T. Tagovailoa,26.0,44.8,-2.1,362.0,32.4,24.6,6.6,0.0,1.3,47.9,-8.9,Tua,Tagovailoa,Tua Tagovailoa,https://a.espncdn.com/i/headshots/nfl/players/full/4241479.png,Dolphins,True,290.0,5.0,3.0,12.0,4.3,53.0,18.8,TagoTu00,2.3,115.0,14.0,14.0,48.0,14.7,2.0,209.0,74.1,32.0,208.0,28.0,195.0,4.0,13.0,78.0,466.0,2.54508362369338,5.321720430107527,7.664270462633452,-2.3425500325259243,20.344827586206897,44.55983168729433,-0.7556583629893237,1814.0,11.0,5.0,87.05459770114942,64.13793103448275,65.27664558127009,-1.138714546787341,20.22609893448868,55.51441254305047,00-0036212,00-0036212,20.0,136.0,1.0,1.0,2175.0,766.0,-13.510189482975049,1.0,9.03229393252153,0.6874301635283409,36.0,109.0,3.0,0.0,0.0,13.0,2.2370403880195227,0.0,135.46,10.0,0.1594885440459651,Tua Tagovailoa,Tua,T.Tagovailoa,Tua,,TAG620344,52413.0,TagoTu00,60326.0,8745.0,32005441-4762-0344-3a46-269f5e5e854e,1998-03-02,73.0,225.0,"https://static.www.nfl.com/image/upload/f_auto,q_auto/league/ktqj3s5vofexl2dwrrp4",Alabama,Southeastern Conference,2020.0,2025.0,MIA,ACT,ACT,Active,6.0,QB,A,1.0,5.0,MIA,1.0,5210.0,Tua Tagovailoa,TagoTu00,MIA,22.0,QB,10.0,9.0,36.0,109.0,3.0,13.0,80.0,2.2,29.0,0.8,0.0,,2023-08-21,,,,,,,,,,,,,,00-0036212,0.0,0.0,2.2370403880195227,0.0,135.46,135.46,10.0,Tua,,TAG620344,52413.0,TagoTu00,60326.0,8745.0,4241479.0,32005441-4762-0344-3a46-269f5e5e854e,1998-03-02,QB,QB,QB,QB,73.0,225.0,"https://static.www.nfl.com/image/upload/f_auto,q_auto/league/ktqj3s5vofexl2dwrrp4",Alabama,Southeastern Conference,2020.0,2025.0,MIA,ACT,ACT,Active,6.0,QB,A,1.0,5.0,MIA,1.0,4015.0,MIA,Tua Tagovailoa,QB,571.0,1055.0,0.5412322274881517,2021.0,158.6,141,0.6713615023474178,0.6607142857142857,QB,QB,2021,Tua Tagovailoa,11.065258993591582,188.1094028910569,15.67517314326636,266.4779434355281,13,tua tagovailoa,2020.0,1.0,3.0,1.0,,1.0,2.0,0.0,,0.0,0.0,0.0,,0.0,0.0,0.0,,0.0,0.0,0.0,,0.0,0.0,0.0,,0.0,0.0,0.0,,252.0,355.0,77.0,,180.0,245.0,49.0,,3.0,6.0,2.0,,0.714,0.69,0.636,,33.0,43.0,11.0,,2840.0,3966.0,636.0,,11.3,11.2,8.3,,0.0,0.0,0.0,,0.0,0.0,0.0,,0.0,0.0,0.0,,0.0,0.0,0.0,,0.0,0.0,0.0,,23.0,57.0,27.0,,25.0,44.0,23.0,,2.0,5.0,2.0,,17.0,190.0,133.0,,0.7,3.3,4.9,
2021.0,HOU,4242546.0,D. Mills,26.0,41.2,-12.9,471.0,25.9,23.5,-1.0,0.0,3.4,40.5,-12.0,Davis,Mills,Davis Mills,https://a.espncdn.com/i/headshots/nfl/players/full/4242546.png,Texans,True,394.0,13.0,2.0,12.0,3.2,66.0,17.4,MillDa02,2.3,121.0,30.0,30.0,91.0,20.9,11.0,287.0,75.7,18.0,92.0,13.0,90.0,1.0,2.0,65.0,394.0,2.672637755102041,5.428060836501902,7.366047745358092,-1.9379869088561896,14.213197969543147,50.43897401811421,-1.6206896551724137,2664.0,16.0,10.0,88.84306260575295,66.75126903553299,65.84153672912497,0.9097323064080172,20.502766245071765,62.24357958858086,00-0036898,00-0036898,31.0,206.0,5.0,1.0,2869.0,1232.0,-45.73431005825807,1.0,11.724158029487462,0.8994800811200332,18.0,44.0,0.0,0.0,0.0,5.0,-8.340931496624698,1.0,156.95999999999998,13.0,0.1652628032345013,Davis Mills,Davis,D.Mills,Davis,,MIL678397,53496.0,MillDa02,52269.0,9531.0,32004d49-4c67-8397-4c7b-81c6636ba80e,1998-10-21,76.0,225.0,"https://static.www.nfl.com/image/upload/f_auto,q_auto/league/v3bofeusytvkogvqichy",Stanford,Pacific Twelve Conference,2021.0,2025.0,HOU,ACT,ACT,Active,5.0,QB,A,3.0,67.0,HOU,1.0,5634.0,Davis Mills,MillDa02,HOU,23.0,QB,13.0,11.0,18.0,44.0,0.0,5.0,37.0,2.1,7.0,0.4,0.0,,2023-08-21,,,,,,,,,,,,,,00-0036898,0.0,0.0,-8.340931496624698,1.0,156.95999999999998,156.95999999999998,13.0,Davis,,MIL678397,53496.0,MillDa02,52269.0,9531.0,4242546.0,32004d49-4c67-8397-4c7b-81c6636ba80e,1998-10-21,QB,QB,QB,QB,76.0,225.0,"https://static.www.nfl.com/image/upload/f_auto,q_auto/league/v3bofeusytvkogvqichy",Stanford,Pacific Twelve Conference,2021.0,2025.0,HOU,ACT,ACT,Active,5.0,QB,A,3.0,67.0,HOU,1.0,2709.0,HOU,Davis Mills,QB,743.0,1052.0,0.7062737642585551,2022.0,250.0,245,0.1756756756756756,0.1351351351351351,QB,QB,2022,Davis Mills,7.871205966948808,133.81050143812973,12.751322272432809,216.77247863135776,15,davis mills,2021.0,3.0,3.0,0.0,,0.0,3.0,0.0,,0.0,0.0,0.0,,0.0,0.0,0.0,,0.0,0.0,0.0,,0.0,0.0,0.0,,0.0,0.0,0.0,,193.0,240.0,2.0,,127.0,157.0,0.0,,3.0,5.0,0.0,,0.658,0.654,0.0,,7.0,11.0,0.0,,1510.0,1943.0,0.0,,7.8,8.1,0.0,,0.0,8.0,0.0,,0.0,1.0,0.0,,0.0,1.0,0.0,,0.0,8.0,0.0,,0.0,8.0,0.0,,30.0,32.0,1.0,,15.0,17.0,5.0,,3.0,0.0,0.0,,37.0,44.0,5.0,,1.2,1.4,5.0,
2021.0,CHI,4362887.0,J. Fields,31.0,31.4,-22.4,397.0,13.7,6.5,5.1,0.0,2.1,31.0,-15.3,Justin,Fields,Justin Fields,https://a.espncdn.com/i/headshots/nfl/players/full/4362887.png,Bears,True,270.0,8.0,2.0,18.0,6.9,57.0,21.9,FielJu00,2.5,96.0,29.0,31.0,96.0,27.3,3.0,189.0,72.7,22.0,137.0,8.0,75.0,11.0,62.0,48.0,413.0,2.9120970149253727,7.110188679245283,9.518275862068966,-2.4080871828236834,17.037037037037038,52.45881622758943,0.1581226053639845,1870.0,7.0,10.0,73.22530864197532,58.88888888888889,61.6741855332145,-2.785296644325605,22.28883451855489,63.82929813181404,00-0036945,00-0036945,36.0,264.0,8.0,4.0,2645.0,683.0,-64.92877211484534,0.0,9.226958490732894,0.4655677773289113,72.0,420.0,2.0,4.0,1.0,22.0,6.727855220108761,0.0,126.8,12.0,0.1542504014403192,Justin Fields,Justin,J.Fields,Justin,,FIE769504,53440.0,FielJu00,82118.0,9475.0,32004649-4576-9504-963d-c33127e80752,1999-03-05,75.0,227.0,"https://static.www.nfl.com/image/upload/f_auto,q_auto/league/fbteankooq2c33yquq2j",Ohio State,Big Ten Conference,2021.0,2025.0,NYJ,ACT,ACT,Active,5.0,QB,A,1.0,11.0,CHI,1.0,5674.0,Justin Fields,FielJu00,CHI,22.0,QB,12.0,10.0,72.0,420.0,2.0,22.0,293.0,4.1,127.0,1.8,5.0,14.4,2023-08-21,,,,,,,,,,,,,,00-0036945,4.0,1.0,6.727855220108761,0.0,126.8,126.8,12.0,Justin,,FIE769504,53440.0,FielJu00,82118.0,9475.0,4362887.0,32004649-4576-9504-963d-c33127e80752,1999-03-05,QB,QB,QB,QB,75.0,227.0,"https://static.www.nfl.com/image/upload/f_auto,q_auto/league/fbteankooq2c33yquq2j",Ohio State,Big Ten Conference,2021.0,2025.0,NYJ,ACT,ACT,Active,5.0,QB,A,1.0,11.0,CHI,1.0,1232.0,CHI,Justin Fields,QB,635.0,1108.0,0.5731046931407943,2022.0,148.0,132,0.5574324324324325,0.5675675675675675,QB,QB,2022,Justin Fields,13.278784575161534,225.73933777774607,15.5146249595864,263.74862431296884,15,justin fields,2021.0,2.0,9.0,1.0,,0.0,5.0,0.0,,0.0,0.0,0.0,,0.0,0.0,0.0,,0.0,0.0,0.0,,0.0,0.0,0.0,,0.0,0.0,0.0,,225.0,354.0,39.0,,158.0,238.0,27.0,,6.0,3.0,0.0,,0.702,0.672,0.692,,22.0,41.0,4.0,,2100.0,3273.0,328.0,,9.3,9.2,8.4,,0.0,0.0,0.0,,0.0,0.0,1.0,,0.0,0.0,0.0,,0.0,0.0,-10.0,,0.0,0.0,-10.0,,81.0,137.0,42.0,,44.0,51.0,47.0,,5.0,10.0,4.0,,383.0,484.0,266.0,,4.7,3.5,6.3,
2021.0,NE,4241464.0,M. Jones,16.0,56.9,11.4,631.0,62.9,60.6,-0.4,0.0,2.7,56.4,-13.8,Mac,Jones,Mac Jones,https://a.espncdn.com/i/headshots/nfl/players/full/4241464.png,Patriots,True,521.0,12.0,1.0,16.0,3.1,90.0,17.7,JoneMa05,2.4,181.0,29.0,47.0,104.0,18.4,9.0,386.0,76.0,33.0,324.0,32.0,324.0,0.0,0.0,104.0,888.0,2.7075923076923085,5.708806818181818,8.075176470588236,-2.366369652406417,14.971209213051823,52.16924860490134,-0.8758039215686275,3801.0,22.0,13.0,92.462412028151,67.56238003838772,66.44157892497053,1.120801113417187,20.98298107312964,57.64841801819023,00-0036972,00-0036972,28.0,241.0,4.0,2.0,4158.0,1760.0,50.77013657480971,2.0,18.102397340434464,1.989121565555278,44.0,129.0,0.0,3.0,1.0,22.0,-0.2051863540124667,0.0,224.94,17.0,0.1496786042240587,Mac Jones,Mac,M.Jones,Mac,,JON586540,53444.0,JoneMa05,60323.0,9479.0,32004a4f-4e58-6540-bb7f-c07b995d57a4,1998-09-05,75.0,220.0,"https://static.www.nfl.com/image/upload/f_auto,q_auto/league/v5sg1z9qvdpjeapblndz",Alabama,Southeastern Conference,2021.0,2025.0,SF,ACT,ACT,Active,5.0,QB,A,1.0,15.0,NE,1.0,5699.0,Mac Jones,JoneMa05,NE,23.0,QB,17.0,17.0,44.0,129.0,0.0,22.0,95.0,2.2,34.0,0.8,0.0,,2023-08-21,,,,,,,,,,,,,,00-0036972,3.0,1.0,-0.2051863540124667,0.0,224.94,224.94,17.0,Mac,,JON586540,53444.0,JoneMa05,60323.0,9479.0,4241464.0,32004a4f-4e58-6540-bb7f-c07b995d57a4,1998-09-05,QB,QB,QB,QB,75.0,220.0,"https://static.www.nfl.com/image/upload/f_auto,q_auto/league/v5sg1z9qvdpjeapblndz",Alabama,Southeastern Conference,2021.0,2025.0,SF,ACT,ACT,Active,5.0,QB,A,1.0,15.0,NE,1.0,4450.0,NE,Mac Jones,QB,1065.0,1066.0,0.99906191369606,2022.0,188.0,169,0.4324324324324324,0.4324324324324324,QB,QB,2022,Mac Jones,14.225893956942734,241.8401972680265,14.647455528781364,249.0067439892832,14,mac jones,2021.0,2.0,0.0,0.0,,1.0,0.0,0.0,,0.0,0.0,0.0,,0.0,0.0,0.0,,0.0,0.0,0.0,,0.0,0.0,0.0,,0.0,0.0,0.0,,402.0,141.0,13.0,,311.0,97.0,5.0,,4.0,3.0,0.0,,0.774,0.688,0.385,,41.0,14.0,1.0,,4500.0,1503.0,123.0,,11.2,10.7,9.5,,0.0,0.0,0.0,,1.0,1.0,0.0,,0.0,0.0,0.0,,-8.0,-1.0,0.0,,-8.0,-1.0,0.0,,35.0,16.0,3.0,,14.0,18.0,1.0,,1.0,1.0,0.0,,16.0,36.0,-8.0,,0.5,2.3,-2.7,
2021.0,JAX,4360310.0,T. Lawrence,28.0,39.1,-27.1,758.0,37.9,32.3,4.1,0.0,1.5,37.6,-11.7,Trevor,Lawrence,Trevor Lawrence,https://a.espncdn.com/i/headshots/nfl/players/full/4360310.png,Jaguars,True,602.0,18.0,3.0,33.0,5.7,119.0,20.5,LawrTr00,2.4,147.0,67.0,52.0,151.0,22.6,8.0,414.0,71.3,74.0,527.0,52.0,450.0,18.0,77.0,124.0,1013.0,2.868449081803005,5.440139275766017,8.055576592082618,-2.6154373163166005,13.2890365448505,50.96534214542271,-0.7895180722891565,3641.0,12.0,17.0,71.85769656699888,59.63455149501661,64.93877046664193,-5.304218971625318,21.385783516626823,58.72971479583397,00-0036971,00-0036971,32.0,238.0,7.0,5.0,4738.0,1634.0,-60.01285959799543,2.0,13.984290305161933,0.6277611417505866,73.0,334.0,2.0,2.0,0.0,22.0,11.314141616867088,0.0,199.04,17.0,0.164107976188513,Trevor Lawrence,Trevor,T.Lawrence,Trevor,,LAW514099,53430.0,LawrTr00,77632.0,9465.0,32004c41-5751-4099-56fc-f565c8d26c06,1999-10-06,78.0,220.0,"https://static.www.nfl.com/image/upload/f_auto,q_auto/league/d75srntioly7fq0z8vip",Clemson,Atlantic Coast Conference,2021.0,2025.0,JAX,ACT,ACT,Active,5.0,QB,A,1.0,1.0,JAX,1.0,5695.0,Trevor Lawrence,LawrTr00,JAX,22.0,QB,17.0,17.0,73.0,334.0,2.0,22.0,267.0,3.7,67.0,0.9,2.0,36.5,2023-08-21,,,,,,,,,,,,,,00-0036971,2.0,0.0,11.314141616867088,0.0,199.04,199.04,17.0,Trevor,,LAW514099,53430.0,LawrTr00,77632.0,9465.0,4360310.0,32004c41-5751-4099-56fc-f565c8d26c06,1999-10-06,QB,QB,QB,QB,78.0,220.0,"https://static.www.nfl.com/image/upload/f_auto,q_auto/league/d75srntioly7fq0z8vip",Clemson,Atlantic Coast Conference,2021.0,2025.0,JAX,ACT,ACT,Active,5.0,QB,A,1.0,1.0,JAX,1.0,3177.0,JAX,Trevor Lawrence,QB,1078.0,1078.0,1.0,2022.0,155.0,136,0.5439189189189189,0.5405405405405406,QB,QB,2022,Trevor Lawrence,14.455850952905694,245.7494661993968,15.368839447108003,261.27027060083606,17,trevor lawrence,2021.0,5.0,1.0,3.0,,3.0,1.0,3.0,,0.0,0.0,0.0,,0.0,0.0,0.0,,0.0,0.0,0.0,,0.0,0.0,0.0,,0.0,0.0,0.0,,334.0,407.0,398.0,,231.0,268.0,259.0,,5.0,8.0,4.0,,0.692,0.658,0.651,,24.0,36.0,30.0,,3153.0,3665.0,3280.0,,9.4,9.0,8.2,,8.0,0.0,0.0,,1.0,1.0,1.0,,0.0,0.0,0.0,,8.0,0.0,-12.0,,8.0,0.0,-12.0,,68.0,103.0,60.0,,34.0,67.0,32.0,,8.0,9.0,1.0,,203.0,563.0,177.0,,3.0,5.5,3.0,
2021.0,,,,,,,,,,,,,,,,,,,,,,,,,,,,,,,,,,,,,,,,,,,,,,,,,,,,,,,,,,,,,,,00-0037012,4.0,15.0,0.0,0.0,658.0,288.0,10.68492744550112,0.0,4.571103592678579,0.1978631783510035,38.0,168.0,1.0,0.0,0.0,8.0,-2.80903184085921,1.0,64.92,6.0,0.1195580110497237,Trey Lance,Trey,T.Lance,Trey,,LAN016787,53432.0,LancTr00,91399.0,9467.0,32004c41-4e01-6787-f7d5-ee3cea053121,2000-05-09,76.0,226.0,"https://static.www.nfl.com/image/upload/f_auto,q_auto/league/gu6ewpdscaswlet6pbq0",North Dakota State,Missouri Valley Football Conference,2021.0,2025.0,LAC,ACT,ACT,Active,5.0,QB,A,1.0,3.0,SF,1.0,5735.0,Trey Lance,LancTr00,SF,21.0,QB,6.0,2.0,38.0,168.0,1.0,8.0,114.0,3.0,54.0,1.4,0.0,,2023-08-21,,,,,,,,,,,,,,00-0037012,0.0,0.0,-2.80903184085921,1.0,64.92,64.92,6.0,Trey,,LAN016787,53432.0,LancTr00,91399.0,9467.0,4383351.0,32004c41-4e01-6787-f7d5-ee3cea053121,2000-05-09,QB,QB,QB,QB,76.0,226.0,"https://static.www.nfl.com/image/upload/f_auto,q_auto/league/gu6ewpdscaswlet6pbq0",North Dakota State,Missouri Valley Football Conference,2021.0,2025.0,LAC,ACT,ACT,Active,5.0,QB,A,1.0,3.0,SF,1.0,6165.0,SF,Trey Lance,QB,178.0,1077.0,0.1652739090064995,2022.0,101.5,92,0.6925675675675675,0.6756756756756757,QB,QB,2022,Trey Lance,13.250723513090998,225.26229972254697,17.47502329963997,297.07539609387953,2,trey lance,2021.0,,,,,,,,,,,,,,,,,,,,,,,,,,,,,,,,,,,,,,,,,,,,,,,,,,,,,,,,,,,,,,,,,,,,,,,,,,,,,,,,,,,,,,,,,,,,,,,,
2021.0,NYJ,4361259.0,Z. Wilson,30.0,33.4,-24.4,472.0,17.9,7.3,5.5,0.0,5.1,32.5,-18.5,Zach,Wilson,Zach Wilson,https://a.espncdn.com/i/headshots/nfl/players/full/4361259.png,Jets,True,383.0,16.0,1.0,25.0,6.8,87.0,23.8,WilsZa00,2.5,127.0,66.0,26.0,136.0,30.6,5.0,256.0,69.9,18.0,76.0,14.0,72.0,1.0,4.0,81.0,468.0,2.9997722513089,5.7909389671361495,7.699426229508196,-1.9084872623720468,12.79373368146214,56.84625757250869,-1.4945628415300547,2334.0,9.0,11.0,69.68559617058312,55.61357702349869,66.31299438582387,-10.699417362325178,21.318333685126078,58.73272086324624,00-0037013,00-0037013,44.0,370.0,5.0,1.0,2885.0,1099.0,-94.732186357066,1.0,11.65450775334816,0.1851684132056421,29.0,185.0,4.0,0.0,0.0,10.0,6.559972202916221,1.0,151.86,13.0,0.1739439200952992,Zach Wilson,Zach,Z.Wilson,Zach,,WIL827119,53431.0,WilsZa00,82096.0,9466.0,32005749-4c82-7119-d27e-724ec33f130b,1999-08-03,74.0,214.0,"https://static.www.nfl.com/image/upload/f_auto,q_auto/league/i17xpbsar7evcypbhtel",BYU,Independent,2021.0,2025.0,MIA,ACT,ACT,Active,5.0,QB,A,1.0,2.0,NYJ,1.0,5738.0,Zach Wilson,WilsZa00,NYJ,22.0,QB,13.0,13.0,29.0,185.0,4.0,10.0,124.0,4.3,61.0,2.1,1.0,29.0,2023-08-21,,,,,,,,,,,,,,00-0037013,0.0,0.0,6.559972202916221,1.0,151.86,151.86,13.0,Zach,,WIL827119,53431.0,WilsZa00,82096.0,9466.0,4361259.0,32005749-4c82-7119-d27e-724ec33f130b,1999-08-03,QB,QB,QB,QB,74.0,214.0,"https://static.www.nfl.com/image/upload/f_auto,q_auto/league/i17xpbsar7evcypbhtel",BYU,Independent,2021.0,2025.0,MIA,ACT,ACT,Active,5.0,QB,A,1.0,2.0,NYJ,1.0,5147.0,NYJ,Zach Wilson,QB,741.0,1048.0,0.7070610687022901,2022.0,239.0,234,0.2128378378378378,0.1891891891891891,QB,QB,2022,Zach Wilson,13.990142338321736,237.83241975146956,13.30654973593924,226.21134551096708,9,zach wilson,2021.0,2.0,4.0,0.0,,0.0,3.0,0.0,,0.0,0.0,0.0,,0.0,0.0,0.0,,0.0,0.0,0.0,,0.0,0.0,0.0,,0.0,0.0,0.0,,333.0,319.0,182.0,,244.0,199.0,120.0,,3.0,9.0,3.0,,0.733,0.624,0.659,,32.0,11.0,12.0,,3651.0,2381.0,1578.0,,11.0,7.5,8.7,,16.0,19.0,0.0,,2.0,1.0,0.0,,0.0,0.0,0.0,,32.0,19.0,0.0,,16.0,19.0,0.0,,69.0,67.0,73.0,,33.0,26.0,36.0,,10.0,3.0,2.0,,265.0,167.0,212.0,,3.8,2.5,2.9,
2022.0,,,,,,,,,,,,,,,,,,,,,,,,,,,,,,,,,,,,,,,,,,,,,,,,,,,,,,,,,,,,,,,00-0038108,6.0,40.0,2.0,2.0,624.0,384.0,7.685017908631561,0.0,4.978248583244836,0.4876484127222769,10.0,0.0,0.0,2.0,1.0,0.0,-6.099722969860593,0.0,38.64,4.0,0.12935648087717,Bailey Zappe,Bailey,B.Zappe,Bailey,,ZAP470663,54602.0,ZappBa00,60396.0,10182.0,32005a41-5047-0663-6fb0-6258fe542390,1999-04-26,73.0,215.0,"https://static.www.nfl.com/image/upload/f_auto,q_auto/league/bdiiarfqwhyvsmmxtvg5",Western Kentucky; Houston Christian University,Conference USA,2022.0,2025.0,CLE,DEV,DEV,PS; Vet,4.0,QB,A,4.0,137.0,NE,1.0,5976.0,Bailey Zappe,ZappBa00,NE,23.0,QB,4.0,2.0,10.0,0.0,0.0,0.0,0.0,0.0,0.0,0.0,0.0,,2023-08-28,,,,,,,,,,,,,,00-0038108,2.0,1.0,-6.099722969860593,0.0,38.64,39.64,4.0,Bailey,,ZAP470663,54602.0,ZappBa00,60396.0,10182.0,4250360.0,32005a41-5047-0663-6fb0-6258fe542390,1999-04-26,QB,QB,QB,QB,73.0,215.0,"https://static.www.nfl.com/image/upload/f_auto,q_auto/league/bdiiarfqwhyvsmmxtvg5",Western Kentucky; Houston Christian University,Conference USA,2022.0,2025.0,CLE,DEV,DEV,PS; Vet,4.0,QB,A,4.0,137.0,NE,1.0,4456.0,NE,Bailey Zappe,QB,207.0,1050.0,0.1971428571428571,2023.0,396.0,407,0.1879999999999999,0.2093023255813954,QB,QB,2023,Bailey Zappe,,,6.840883936378381,116.29502691843248,10,bailey zappe,2022.0,2.0,0.0,1.0,0.0,1.0,0.0,1.0,0.0,0.0,0.0,0.0,0.0,0.0,0.0,0.0,0.0,0.0,0.0,0.0,0.0,0.0,0.0,0.0,0.0,0.0,0.0,0.0,0.0,686.0,169.0,37.0,50.0,475.0,106.0,27.0,27.0,11.0,1.0,0.0,1.0,0.692,0.627,0.73,0.54,62.0,12.0,2.0,2.0,5967.0,1453.0,300.0,226.0,8.7,8.6,8.1,4.5,0.0,10.0,0.0,0.0,0.0,1.0,0.0,0.0,0.0,0.0,0.0,0.0,0.0,10.0,0.0,0.0,0.0,10.0,0.0,0.0,51.0,16.0,7.0,11.0,21.0,9.0,16.0,12.0,3.0,0.0,0.0,0.0,17.0,-8.0,-15.0,15.0,0.3,-0.5,-2.1,1.4
2022.0,SF,4361741.0,B. Purdy,,67.5,13.3,211.0,28.6,26.2,0.6,0.0,1.8,70.9,-5.2,Brock,Purdy,Brock Purdy,https://a.espncdn.com/i/headshots/nfl/players/full/4361741.png,49ers,False,170.0,5.0,0.0,13.0,7.9,20.0,12.1,PurdBr00,2.3,54.0,5.0,15.0,31.0,16.6,7.0,127.0,77.0,9.0,102.0,9.0,102.0,0.0,0.0,37.0,288.0,2.836564705882353,5.892456140350877,6.718795180722893,-0.8263390403720159,9.411764705882351,44.462079348586464,-2.1065060240963858,1374.0,13.0,4.0,107.32843137254902,67.05882352941175,69.19028476757163,-2.131461238159872,19.45079046988073,44.462079348586464,00-0037834,00-0037834,11.0,84.0,0.0,0.0,1117.0,706.0,36.55311198558989,0.0,8.848278381181988,0.7136827140298911,22.0,13.0,1.0,0.0,0.0,5.0,-10.471993213137766,0.0,106.26,9.0,0.1175624543624012,Brock Purdy,Brock,B.Purdy,Brock,,PUR243289,54727.0,PurdBr00,77672.0,10307.0,32005055-5224-3289-b108-8aab5e23b748,1999-12-27,73.0,220.0,"https://static.www.nfl.com/image/upload/f_auto,q_auto/league/xykdxnvxpf9pobxvkjfj",Iowa State,Big Twelve Conference,2022.0,2025.0,SF,ACT,ACT,Inactive,4.0,QB,A,7.0,262.0,SF,1.0,5939.0,Brock Purdy,PurdBr00,SF,23.0,QB,9.0,5.0,22.0,13.0,1.0,5.0,6.0,0.3,7.0,0.3,0.0,,2023-08-28,,,,,,,,,,,,,,00-0037834,0.0,0.0,-10.471993213137766,0.0,106.26,106.26,9.0,Brock,,PUR243289,54727.0,PurdBr00,77672.0,10307.0,4361741.0,32005055-5224-3289-b108-8aab5e23b748,1999-12-27,QB,QB,QB,QB,73.0,220.0,"https://static.www.nfl.com/image/upload/f_auto,q_auto/league/xykdxnvxpf9pobxvkjfj",Iowa State,Big Twelve Conference,2022.0,2025.0,SF,ACT,ACT,Inactive,4.0,QB,A,7.0,262.0,SF,1.0,6168.0,SF,Brock Purdy,QB,380.0,1053.0,0.3608736942070275,2023.0,167.0,147,0.708,0.7790697674418605,QB,QB,2023,Brock Purdy,,,15.117245990199422,256.99318183339017,16,brock purdy,2022.0,6.0,3.0,7.0,3.0,2.0,2.0,5.0,2.0,0.0,0.0,0.0,0.0,0.0,0.0,0.0,0.0,0.0,0.0,0.0,0.0,0.0,0.0,0.0,0.0,0.0,0.0,0.0,0.0,407.0,364.0,475.0,220.0,292.0,243.0,312.0,146.0,8.0,9.0,9.0,7.0,0.717,0.668,0.657,0.664,19.0,19.0,27.0,16.0,3188.0,2750.0,3982.0,2250.0,7.8,7.6,8.4,10.2,0.0,0.0,0.0,0.0,0.0,0.0,0.0,0.0,0.0,0.0,0.0,0.0,0.0,0.0,0.0,0.0,0.0,0.0,0.0,0.0,85.0,87.0,93.0,100.0,23.0,29.0,44.0,29.0,1.0,5.0,8.0,5.0,238.0,382.0,249.0,308.0,2.8,4.4,2.7,3.1
2022.0,,,,,,,,,,,,,,,,,,,,,,,,,,,,,,,,,,,,,,,,,,,,,,,,,,,,,,,,,,,,,,,00-0038122,9.0,33.0,1.0,1.0,940.0,328.0,4.537197660166861,0.0,3.2588711233617387,0.1726762048737279,16.0,64.0,0.0,2.0,1.0,4.0,-12.282527674773815,0.0,38.72,4.0,0.137636854827243,Desmond Ridder,Desmond,D.Ridder,Desmond,,RID080474,54539.0,RiddDe00,55086.0,10119.0,32005249-4408-0474-6bc7-b6ac95881989,1999-08-31,75.0,207.0,"https://static.www.nfl.com/image/upload/f_auto,q_auto/league/rhpusa7pfgd82d9ui6y7",Cincinnati,American Athletic Conference,2022.0,2024.0,LV,ACT,CUT,Waivers/No Rec.,3.0,QB,A,3.0,74.0,ATL,1.0,5988.0,Desmond Ridder,RiddDe00,ATL,23.0,QB,4.0,4.0,16.0,64.0,0.0,4.0,49.0,3.1,15.0,0.9,0.0,,2023-08-28,,,,,,,,,,,,,,00-0038122,2.0,1.0,-12.282527674773815,0.0,38.72,38.72,4.0,Desmond,,RID080474,54539.0,RiddDe00,55086.0,10119.0,4239086.0,32005249-4408-0474-6bc7-b6ac95881989,1999-08-31,QB,QB,QB,QB,75.0,207.0,"https://static.www.nfl.com/image/upload/f_auto,q_auto/league/rhpusa7pfgd82d9ui6y7",Cincinnati,American Athletic Conference,2022.0,2024.0,LV,ACT,CUT,Waivers/No Rec.,3.0,QB,A,3.0,74.0,ATL,1.0,370.0,ATL,Desmond Ridder,QB,271.0,1047.0,0.2588347659980898,2023.0,250.0,250,0.502,0.6162790697674418,QB,QB,2023,Desmond Ridder,,,12.684776879883517,215.64120695801975,15,desmond ridder,2022.0,3.0,6.0,7.0,10.0,2.0,4.0,3.0,7.0,0.0,0.0,0.0,0.0,0.0,0.0,0.0,0.0,0.0,0.0,0.0,0.0,0.0,0.0,0.0,0.0,0.0,0.0,0.0,0.0,387.0,281.0,325.0,311.0,251.0,186.0,179.0,194.0,8.0,6.0,9.0,5.0,0.649,0.662,0.551,0.624,30.0,19.0,18.0,20.0,3334.0,2296.0,2164.0,2445.0,8.6,8.2,6.7,7.9,5.0,0.0,0.0,0.0,2.0,0.0,0.0,0.0,1.0,0.0,0.0,0.0,8.0,0.0,0.0,0.0,4.0,0.0,0.0,0.0,110.0,101.0,144.0,149.0,40.0,91.0,49.0,41.0,6.0,12.0,5.0,5.0,355.0,589.0,675.0,583.0,3.2,5.8,4.7,3.9
2022.0,PIT,4240703.0,K. Pickett,19.5,53.6,3.4,496.0,43.2,36.5,5.2,0.0,1.6,52.4,-9.6,Kenny,Pickett,Kenny Pickett,https://a.espncdn.com/i/headshots/nfl/players/full/4240703.png,Steelers,True,389.0,19.0,1.0,16.0,4.3,67.0,18.2,PickKe00,2.5,95.0,34.0,32.0,93.0,21.0,8.0,266.0,72.1,34.0,152.0,29.0,135.0,4.0,17.0,65.0,315.0,2.981806701030928,5.464979591836735,7.805081081081082,-2.340101489244347,15.424164524421592,47.254665378140174,-1.1624864864864868,2404.0,7.0,9.0,76.67630676949443,62.98200514138818,63.53687945906561,-0.5548743176774309,21.52218864568091,67.63178542667642,00-0038102,00-0038102,27.0,182.0,1.0,1.0,2957.0,1042.0,-11.065706766791422,2.0,10.085240433097974,1.056545291431186,55.0,237.0,3.0,3.0,0.0,23.0,9.780994230386568,0.0,149.86,13.0,0.1496325585110632,Kenny Pickett,Kenny,K.Pickett,Kenny,,PIC777233,54485.0,PickKe00,60515.0,10065.0,32005049-4377-7233-6101-772adaebe15c,1998-06-06,75.0,220.0,"https://static.www.nfl.com/image/upload/f_auto,q_auto/league/nfdzmyfr8eup5uuojjdw",Pittsburgh,Atlantic Coast Conference,2022.0,2025.0,LV,ACT,ACT,Active,4.0,QB,A,1.0,20.0,PIT,1.0,5970.0,Kenny Pickett,PickKe00,PIT,24.0,QB,13.0,12.0,55.0,237.0,3.0,23.0,207.0,3.8,30.0,0.5,0.0,,2023-08-28,,,,,,,,,,,,,,00-0038102,3.0,0.0,9.780994230386568,0.0,149.86,149.86,13.0,Kenny,,PIC777233,54485.0,PickKe00,60515.0,10065.0,4240703.0,32005049-4377-7233-6101-772adaebe15c,1998-06-06,QB,QB,,,75.0,220.0,"https://static.www.nfl.com/image/upload/f_auto,q_auto/league/nfdzmyfr8eup5uuojjdw",Pittsburgh,Atlantic Coast Conference,2022.0,2025.0,LV,ACT,ACT,Active,4.0,QB,A,1.0,20.0,PIT,1.0,5676.0,PIT,Kenny Pickett,QB,804.0,1147.0,0.7009590235396687,2023.0,168.3,148,0.706,0.7674418604651163,QB,QB,2023,Kenny Pickett,14.54572237286397,247.2772803386875,15.091420091919376,256.5541415626294,12,kenny pickett,2022.0,4.0,7.0,7.0,7.0,3.0,1.0,2.0,4.0,0.0,0.0,0.0,0.0,0.0,0.0,0.0,0.0,0.0,0.0,0.0,0.0,0.0,0.0,0.0,0.0,0.0,0.0,0.0,0.0,497.0,333.0,469.0,309.0,334.0,204.0,289.0,180.0,7.0,9.0,9.0,6.0,0.672,0.613,0.616,0.583,42.0,13.0,13.0,12.0,4319.0,2408.0,3098.0,1969.0,8.7,7.2,6.6,6.4,0.0,0.0,3.0,0.0,0.0,0.0,1.0,1.0,0.0,0.0,1.0,0.0,0.0,0.0,3.0,-12.0,0.0,0.0,3.0,-12.0,97.0,81.0,95.0,117.0,58.0,18.0,30.0,30.0,5.0,8.0,2.0,3.0,241.0,162.0,110.0,221.0,2.5,2.0,1.2,1.9
2022.0,,,,,,,,,,,,,,,,,,,,,,,,,,,,,,,,,,,,,,,,,,,,,,,,,,,,,,,,,,,,,,,00-0038128,10.0,49.0,1.0,0.0,498.0,144.0,-38.837689051219954,0.0,3.4643828339082443,-0.0279438161326364,27.0,123.0,1.0,2.0,2.0,8.0,-6.886302529376104,0.0,19.34,7.0,0.0493040330393106,Malik Willis,Malik,M.Willis,Malik,,WIL614428,54551.0,WillMa12,60341.0,10131.0,32005749-4c61-4428-8345-922a57c28423,1999-05-25,73.0,225.0,"https://static.www.nfl.com/image/upload/f_auto,q_auto/league/hsnetccy7bquili3gcqq",Liberty; Auburn,Independent,2022.0,2025.0,GB,ACT,ACT,Active,4.0,QB,A,3.0,86.0,TEN,1.0,5994.0,Malik Willis,WillMa12,TEN,23.0,QB,8.0,3.0,27.0,123.0,1.0,8.0,89.0,3.3,34.0,1.3,3.0,9.0,2023-08-28,,,,,,,,,,,,,,00-0038128,2.0,2.0,-6.886302529376104,0.0,19.34,19.34,7.0,Malik,,WIL614428,54551.0,WillMa12,60341.0,10131.0,4242512.0,32005749-4c61-4428-8345-922a57c28423,1999-05-25,QB,QB,QB,QB,73.0,225.0,"https://static.www.nfl.com/image/upload/f_auto,q_auto/league/hsnetccy7bquili3gcqq",Liberty; Auburn,Independent,2022.0,2025.0,GB,ACT,ACT,Active,4.0,QB,A,3.0,86.0,TEN,1.0,6661.0,TEN,Malik Willis,QB,211.0,1002.0,0.2105788423153692,2023.0,451.0,457,0.0879999999999999,0.1162790697674418,QB,QB,2023,Malik Willis,2.491681074657284,42.35857826917383,5.45145236890371,92.67469027136308,3,malik willis,2022.0,3.0,10.0,0.0,0.0,1.0,4.0,0.0,0.0,0.0,0.0,0.0,0.0,0.0,0.0,0.0,0.0,0.0,0.0,0.0,0.0,0.0,0.0,0.0,0.0,0.0,0.0,0.0,0.0,339.0,264.0,7.0,7.0,207.0,169.0,5.0,6.0,12.0,6.0,0.0,0.0,0.611,0.64,0.714,0.857,27.0,20.0,0.0,1.0,2857.0,2252.0,24.0,45.0,8.4,8.5,3.4,6.4,13.0,0.0,0.0,0.0,1.0,0.0,0.0,0.0,0.0,0.0,0.0,0.0,13.0,0.0,0.0,0.0,13.0,0.0,0.0,0.0,197.0,141.0,12.0,16.0,56.0,67.0,30.0,67.0,13.0,14.0,1.0,1.0,878.0,944.0,88.0,221.0,4.5,6.7,7.3,13.8
2022.0,,,,,,,,,,,,,,,,,,,,,,,,,,,,,,,,,,,,,,,,,,,,,,,,,,,,,,,,,,,,,,,00-0037077,3.0,11.0,0.0,0.0,160.0,75.0,-7.461784537902072,0.0,1.05625,0.0404896368391305,5.0,35.0,1.0,0.0,0.0,4.0,5.526881414349191,0.0,18.26,1.0,0.2863864491844416,Sam Howell,Sam,S.Howell,Sam,,HOW692969,54609.0,HoweSa00,97599.0,10189.0,3200484f-5769-2969-b928-41cea02da32b,2000-09-16,73.0,220.0,"https://static.www.nfl.com/image/upload/f_auto,q_auto/league/umfyh2tmtggjep6nt44c",North Carolina,Atlantic Coast Conference,2022.0,2025.0,PHI,ACT,ACT,Active,4.0,QB,A,5.0,144.0,WAS,1.0,5742.0,Sam Howell,HoweSa00,WAS,22.0,QB,1.0,1.0,5.0,35.0,1.0,4.0,30.0,6.0,5.0,1.0,0.0,,2023-08-28,,,,,,,,,,,,,,00-0037077,0.0,0.0,5.526881414349191,0.0,18.26,18.26,1.0,Sam,,HOW692969,54609.0,HoweSa00,97599.0,10189.0,4426875.0,3200484f-5769-2969-b928-41cea02da32b,2000-09-16,QB,QB,QB,QB,73.0,220.0,"https://static.www.nfl.com/image/upload/f_auto,q_auto/league/umfyh2tmtggjep6nt44c",North Carolina,Atlantic Coast Conference,2022.0,2025.0,PHI,ACT,ACT,Active,4.0,QB,A,5.0,144.0,WAS,1.0,6892.0,WAS,Sam Howell,QB,66.0,1185.0,0.0556962025316455,2023.0,200.3,186,0.63,0.7209302325581395,QB,QB,2023,Sam Howell,,,14.16595334908851,240.82120693450463,17,sam howell,2022.0,7.0,4.0,7.0,,4.0,1.0,2.0,,0.0,0.0,0.0,,0.0,0.0,0.0,,0.0,0.0,0.0,,0.0,0.0,0.0,,0.0,0.0,0.0,,347.0,348.0,422.0,,217.0,237.0,259.0,,9.0,7.0,7.0,,0.625,0.681,0.614,,24.0,30.0,38.0,,3056.0,3586.0,3641.0,,8.8,10.3,8.6,,0.0,1.0,18.0,,0.0,1.0,3.0,,0.0,1.0,1.0,,0.0,1.0,23.0,,0.0,1.0,7.7,,183.0,92.0,94.0,,62.0,30.0,24.0,,11.0,5.0,1.0,,828.0,146.0,35.0,,4.5,1.6,0.4,
2023.0,LV,4260394.0,A. O'Connell,25.0,40.5,-10.8,390.0,21.3,20.3,-0.1,0.0,1.2,40.4,-9.9,Aidan,O'Connell,Aidan O'Connell,https://a.espncdn.com/i/headshots/nfl/players/full/4260394.png,Raiders,True,343.0,19.0,1.0,15.0,4.6,56.0,17.3,OConAi00,2.4,101.0,7.0,22.0,53.0,14.4,7.0,235.0,72.8,13.0,119.0,13.0,119.0,0.0,0.0,73.0,544.0,2.80093567251462,5.3081220657277,7.423250773993808,-2.1151287082661083,15.743440233236154,56.65432375379658,-1.5705572755417956,2218.0,12.0,7.0,83.93464528668609,62.09912536443149,64.42048090887486,-2.321355544443378,20.88012507397083,57.49154459570555,00-0038579,00-0038579,24.0,173.0,3.0,2.0,2561.0,1063.0,-16.852607789448424,0.0,9.940861615407025,0.7888871767982915,17.0,11.0,1.0,1.0,0.0,7.0,-4.116635266691446,0.0,125.82,11.0,0.1513241767493325,Aidan O'Connell,Aidan,A.O'Connell,Aidan,,OCO075507,56000.0,OConAi00,60516.0,10959.0,32004f43-4f07-5507-fffe-35de4751ec57,1998-09-01,75.0,206.0,"https://static.www.nfl.com/image/upload/f_auto,q_auto/league/bcejxo7ofgk5pszhup12",Purdue,Big Ten Conference,2023.0,2025.0,LV,RES,RES,R/Injured,3.0,QB,A,4.0,135.0,LV,1.0,6055.0,,,,,,,,,,,,,,,,,,,,,,,,,,,,,,,,00-0038579,1.0,0.0,-4.116635266691446,0.0,125.82,125.82,11.0,Aidan,,OCO075507,56000.0,OConAi00,60516.0,10959.0,4260394.0,32004f43-4f07-5507-fffe-35de4751ec57,1998-09-01,QB,QB,QB,QB,75.0,206.0,"https://static.www.nfl.com/image/upload/f_auto,q_auto/league/bcejxo7ofgk5pszhup12",Purdue,Big Ten Conference,2023.0,2025.0,LV,RES,RES,R/Injured,3.0,QB,A,4.0,135.0,LV,1.0,3835.0,LV,Aidan O'Connell,QB,641.0,1031.0,0.6217264791464597,2024.0,295.0,293,0.641717791411043,0.6991869918699187,QB,QB,2024,Aidan O'Connell,8.509973214588317,144.6695446480014,9.838925348091571,167.26173091755672,9,aidan oconnell,2023.0,3.0,1.0,2.0,1.0,1.0,1.0,1.0,0.0,0.0,0.0,0.0,0.0,0.0,0.0,0.0,0.0,0.0,0.0,0.0,0.0,0.0,0.0,0.0,0.0,0.0,0.0,0.0,0.0,497.0,440.0,136.0,163.0,319.0,315.0,88.0,102.0,13.0,11.0,2.0,4.0,0.642,0.716,0.647,0.626,22.0,28.0,7.0,8.0,3481.0,3712.0,916.0,1099.0,7.0,8.4,6.7,6.7,0.0,0.0,0.0,0.0,0.0,0.0,0.0,0.0,0.0,0.0,0.0,0.0,0.0,0.0,0.0,0.0,0.0,0.0,0.0,0.0,43.0,25.0,12.0,15.0,24.0,8.0,9.0,9.0,1.0,1.0,0.0,0.0,-81.0,-120.0,-64.0,-9.0,-1.9,-4.8,-5.3,-0.6
2023.0,CAR,4685720.0,B. Young,29.0,33.4,-28.8,670.0,28.0,6.9,18.3,0.0,2.8,35.2,-26.9,Bryce,Young,Bryce Young,https://a.espncdn.com/i/headshots/nfl/players/full/4685720.png,Panthers,True,527.0,46.0,1.0,23.0,4.8,103.0,21.5,YounBr01,2.5,166.0,38.0,50.0,150.0,24.2,6.0,352.0,73.3,31.0,149.0,26.0,145.0,1.0,4.0,81.0,589.0,2.900344106463878,4.890412698412699,7.411701680672269,-2.5212889822595708,11.57495256166983,48.248908795951024,-1.472752100840336,2877.0,11.0,10.0,73.6914927261227,59.772296015180274,61.34646153660665,-1.574165521426373,21.44947059772697,54.73553233503809,00-0039150,00-0039150,62.0,477.0,9.0,6.0,4009.0,1300.0,-160.3264418747372,1.0,12.786641553355812,0.672251326242199,39.0,253.0,0.0,2.0,0.0,18.0,21.616299519575787,1.0,156.38,16.0,0.1544860016201371,Bryce Young,Bryce,B.Young,Bryce,,YOU124763,55865.0,YounBr01,123943.0,10825.0,3200594f-5512-4763-ab24-c1bd051ef0ef,2001-07-25,70.0,204.0,"https://static.www.nfl.com/image/upload/f_auto,q_auto/league/qy1lfhlzhiacsyzzm1j7",Alabama,Southeastern Conference,2023.0,2025.0,CAR,ACT,ACT,Active,3.0,QB,A,1.0,1.0,CAR,1.0,6176.0,Bryce Young,YounBr01,CAR,22.0,QB,16.0,16.0,39.0,253.0,0.0,18.0,191.0,4.9,62.0,1.6,4.0,9.8,2024-09-04,,,,,,,,,,,,,,00-0039150,2.0,0.0,21.616299519575787,1.0,156.38,156.38,16.0,Bryce,,YOU124763,55865.0,YounBr01,123943.0,10825.0,4685720.0,3200594f-5512-4763-ab24-c1bd051ef0ef,2001-07-25,QB,QB,QB,QB,70.0,204.0,"https://static.www.nfl.com/image/upload/f_auto,q_auto/league/qy1lfhlzhiacsyzzm1j7",Alabama,Southeastern Conference,2023.0,2025.0,CAR,ACT,ACT,Active,3.0,QB,A,1.0,1.0,CAR,1.0,1040.0,CAR,Bryce Young,QB,1068.0,1147.0,0.9311246730601568,2024.0,216.5,206,0.7484662576687117,0.7886178861788617,QB,QB,2024,Bryce Young,14.941702233604186,254.0089379712712,13.73780239295454,233.5426406802272,14,bryce young,2023.0,1.0,6.0,2.0,,0.0,3.0,2.0,,0.0,0.0,0.0,,0.0,0.0,0.0,,0.0,0.0,0.0,,0.0,0.0,0.0,,0.0,0.0,0.0,,380.0,547.0,22.0,,245.0,366.0,13.0,,5.0,7.0,0.0,,0.645,0.669,0.591,,32.0,47.0,1.0,,3328.0,4872.0,156.0,,8.8,8.9,7.1,,0.0,0.0,0.0,,0.0,0.0,0.0,,0.0,0.0,0.0,,0.0,0.0,0.0,,0.0,0.0,0.0,,49.0,81.0,9.0,,63.0,16.0,12.0,,4.0,3.0,0.0,,185.0,0.0,-23.0,,3.8,0.0,-2.6,
2023.0,HOU,4432577.0,C.J. Stroud,15.0,57.5,13.3,613.0,63.1,57.9,4.4,0.0,0.8,57.6,-17.4,C.J.,Stroud,C.J. Stroud,https://a.espncdn.com/i/headshots/nfl/players/full/4432577.png,Texans,True,499.0,16.0,6.0,18.0,3.8,95.0,19.9,StroCJ00,2.5,126.0,47.0,38.0,123.0,22.0,9.0,357.0,74.8,34.0,344.0,31.0,343.0,1.0,1.0,94.0,1036.0,3.036983772819472,7.36780564263323,9.208067226890758,-1.8402615842575285,13.827655310621244,59.188745551836114,0.3404201680672269,4108.0,23.0,5.0,100.84752839011357,63.92785571142284,62.99605558333332,0.9318001280895204,21.79094133425937,61.42237377373168,00-0039163,00-0039163,38.0,331.0,6.0,3.0,4481.0,1762.0,64.82617261070857,0.0,13.869473191698855,1.6032857486000571,39.0,157.0,3.0,2.0,1.0,17.0,6.004495691349248,1.0,274.02,15.0,0.2067788454308957,C.J. Stroud,C.J.,C.Stroud,C.J.,,STR702090,55866.0,StroCJ00,129759.0,10826.0,32005354-5270-2090-cc17-67cd6da43535,2001-10-03,75.0,218.0,"https://static.www.nfl.com/image/upload/f_auto,q_auto/league/tt4zrtxlhifaljhj0rn7",Ohio State,Big Ten Conference,2023.0,2025.0,HOU,ACT,ACT,Active,3.0,QB,A,1.0,2.0,HOU,1.0,6180.0,,,,,,,,,,,,,,,,,,,,,,,,,,,,,,,,00-0039163,2.0,1.0,6.004495691349248,1.0,274.02,275.02,15.0,C.J.,,STR702090,55866.0,StroCJ00,129759.0,10826.0,4432577.0,32005354-5270-2090-cc17-67cd6da43535,2001-10-03,QB,QB,QB,QB,75.0,218.0,"https://static.www.nfl.com/image/upload/f_auto,q_auto/league/tt4zrtxlhifaljhj0rn7",Ohio State,Big Ten Conference,2023.0,2025.0,HOU,ACT,ACT,Active,3.0,QB,A,1.0,2.0,HOU,1.0,2750.0,HOU,C.J. Stroud,QB,968.0,1105.0,0.8760180995475113,2024.0,48.6,47,0.943558282208589,0.967479674796748,QB,QB,2024,C.J. Stroud,13.66370615222109,232.2830045877585,19.36889007736648,329.2711313152301,17,cj stroud,2023.0,2.0,4.0,0.0,,1.0,1.0,0.0,,0.0,0.0,0.0,,0.0,0.0,0.0,,0.0,0.0,0.0,,0.0,0.0,0.0,,0.0,0.0,0.0,,389.0,441.0,0.0,,258.0,317.0,0.0,,6.0,6.0,0.0,,0.663,0.719,0.0,,41.0,44.0,0.0,,3688.0,4435.0,0.0,,9.5,10.1,0.0,,0.0,0.0,0.0,,0.0,0.0,0.0,,0.0,0.0,0.0,,0.0,0.0,0.0,,0.0,0.0,0.0,,47.0,32.0,1.0,,44.0,15.0,48.0,,0.0,0.0,1.0,,108.0,-20.0,48.0,,2.3,-0.6,48.0,
2023.0,,,,,,,,,,,,,,,,,,,,,,,,,,,,,,,,,,,,,,,,,,,,,,,,,,,,,,,,,,,,,,,00-0038583,6.0,60.0,1.0,0.0,662.0,204.0,-38.58013009677772,0.0,2.150558394820101,-0.0475316858534704,14.0,65.0,0.0,1.0,0.0,4.0,0.7321055858046748,1.0,22.1,7.0,0.0384227546159463,Dorian Thompson-Robinson,Dorian,D.Thompson-Robinson,Dorian,,THO744868,56005.0,ThomDo02,83574.0,10964.0,32005448-4f74-4868-ca39-079204531939,1999-11-14,74.0,203.0,"https://static.www.nfl.com/image/upload/f_auto,q_auto/league/ujuyt3hpswlin3aahmhu",UCLA,Pacific Twelve Conference,2023.0,2024.0,CLE,ACT,CUT,Waivers/No Rec.,2.0,QB,A,5.0,140.0,CLE,1.0,6059.0,Dorian Thompson-Robinson,ThomDo02,CLE,24.0,QB,8.0,3.0,14.0,65.0,0.0,4.0,50.0,3.6,15.0,1.1,2.0,7.0,2024-09-04,,,,,,,,,,,,,,00-0038583,1.0,0.0,0.7321055858046748,1.0,22.1,22.1,7.0,Dorian,,THO744868,56005.0,ThomDo02,83574.0,10964.0,4367178.0,32005448-4f74-4868-ca39-079204531939,1999-11-14,QB,QB,QB,QB,74.0,203.0,"https://static.www.nfl.com/image/upload/f_auto,q_auto/league/ujuyt3hpswlin3aahmhu",UCLA,Pacific Twelve Conference,2023.0,2024.0,CLE,ACT,CUT,Waivers/No Rec.,2.0,QB,A,5.0,140.0,CLE,1.0,1687.0,CLE,Dorian Thompson-Robinson,QB,214.0,1203.0,0.1778886118038238,2024.0,544.0,531,0.3496932515337423,0.3252032520325203,QB,QB,2024,Dorian Thompson-Robinson,7.495788770454,127.428409097718,,,7,dorian thompsonrobinson,2023.0,7.0,3.0,2.0,11.0,3.0,1.0,1.0,7.0,0.0,0.0,0.0,0.0,0.0,0.0,0.0,0.0,0.0,0.0,0.0,0.0,0.0,0.0,0.0,0.0,0.0,0.0,0.0,0.0,381.0,283.0,138.0,362.0,265.0,176.0,90.0,216.0,10.0,6.0,4.0,12.0,0.696,0.622,0.652,0.597,27.0,21.0,12.0,21.0,3153.0,2409.0,1120.0,2701.0,8.3,8.5,8.1,7.5,0.0,0.0,0.0,0.0,0.0,0.0,0.0,0.0,0.0,0.0,0.0,0.0,0.0,0.0,0.0,0.0,0.0,0.0,0.0,0.0,117.0,130.0,55.0,118.0,68.0,35.0,65.0,39.0,12.0,9.0,3.0,4.0,647.0,609.0,306.0,198.0,5.5,4.7,5.6,1.7
2023.0,,,,,,,,,,,,,,,,,,,,,,,,,,,,,,,,,,,,,,,,,,,,,,2.987988764044944,4.523245614035085,6.450297619047618,-1.9270520050125333,10.112359550561797,51.12104263412475,-3.781845238095239,1101.0,8.0,3.0,89.18539325842696,64.04494382022472,67.6083736875084,-3.563429867283688,21.64697338286383,53.11201464828839,00-0038476,00-0038476,37.0,196.0,0.0,0.0,1149.0,583.0,-49.32223220494569,0.0,9.881571799517314,0.1144460667818116,36.0,195.0,1.0,2.0,1.0,7.0,-3.230508171973908,0.0,93.54,9.0,0.1544124929842517,Tommy DeVito,Tommy,T.DeVito,Tommy,,DEV303010,56231.0,DeViTo00,60545.0,11293.0,32004445-5630-3010-3a66-9815697c810a,1998-08-07,74.0,210.0,"https://static.www.nfl.com/image/upload/f_auto,q_auto/league/iazdkuygt4kb7j6dgygi",Illinois; Syracuse,Big Ten Conference,2023.0,2025.0,NE,ACT,ACT,Inactive/3rd QB,3.0,QB,A,,,,1.0,6022.0,Tommy DeVito,DeViTo00,NYG,25.0,QB,9.0,6.0,36.0,195.0,1.0,7.0,167.0,4.6,28.0,0.8,1.0,36.0,2024-09-04,,,,,,,,,,,,,,00-0038476,2.0,1.0,-3.230508171973908,0.0,93.54,93.54,9.0,Tommy,,DEV303010,56231.0,DeViTo00,60545.0,11293.0,4240391.0,32004445-5630-3010-3a66-9815697c810a,1998-08-07,QB,QB,QB,QB,74.0,210.0,"https://static.www.nfl.com/image/upload/f_auto,q_auto/league/iazdkuygt4kb7j6dgygi",Illinois; Syracuse,Big Ten Conference,2023.0,2025.0,NE,ACT,ACT,Inactive/3rd QB,3.0,QB,A,,,,1.0,4952.0,NYG,Tommy DeVito,QB,406.0,1069.0,0.3797942001870907,2024.0,343.5,343,0.5803680981595092,0.6097560975609756,QB,QB,2024,Tommy DeVito,,,8.113947360239335,137.9371051240687,3,tommy devito,2023.0,3.0,1.0,0.0,3.0,2.0,1.0,0.0,2.0,0.0,0.0,0.0,0.0,0.0,0.0,0.0,0.0,0.0,0.0,0.0,0.0,0.0,0.0,0.0,0.0,0.0,0.0,0.0,0.0,367.0,52.0,96.0,337.0,255.0,32.0,48.0,213.0,4.0,2.0,2.0,5.0,0.695,0.615,0.5,0.632,15.0,1.0,4.0,19.0,2619.0,388.0,593.0,2360.0,7.1,7.5,6.2,7.0,0.0,0.0,10.0,4.0,0.0,0.0,1.0,1.0,0.0,0.0,0.0,0.0,0.0,0.0,10.0,4.0,0.0,0.0,10.0,4.0,73.0,21.0,43.0,112.0,18.0,20.0,19.0,60.0,6.0,1.0,0.0,2.0,35.0,90.0,23.0,122.0,0.5,4.3,0.5,1.1
2023.0,,,,,,,,,,,,,,,,,,,,,,,,,,,,,,,,,,,,,,,,,,,,,,2.845932806324111,6.7208053691275165,10.509716599190284,-3.788911230062768,15.68627450980392,56.10364872269896,1.3720647773279353,1808.0,8.0,4.0,84.24019607843137,58.43137254901961,61.612325307054846,-3.1809527580352324,24.085588478983205,60.23613948453204,00-0039152,00-0039152,28.0,185.0,5.0,2.0,2688.0,746.0,-13.88649083961092,1.0,6.151852351224143,0.4620938848386986,25.0,57.0,1.0,2.0,2.0,7.0,-9.428326834575271,0.0,102.02,9.0,0.1598207851615126,Will Levis,Will,W.Levis,Will,,LEV604187,55898.0,LeviWi00,83542.0,10857.0,32004c45-5660-4187-2b50-c23ff4a6e28e,1999-06-27,76.0,229.0,"https://static.www.nfl.com/image/upload/f_auto,q_auto/league/n7usvaleeuqvwomo68kf",Kentucky; Penn State,Southeastern Conference,2023.0,2025.0,TEN,RES,RES,R/Injured,3.0,QB,A,2.0,33.0,TEN,1.0,6178.0,Will Levis,LeviWi00,TEN,24.0,QB,9.0,9.0,25.0,57.0,1.0,7.0,34.0,1.4,23.0,0.9,0.0,,2024-09-04,,,,,,,,,,,,,,00-0039152,2.0,2.0,-9.428326834575271,0.0,102.02,102.02,9.0,Will,,LEV604187,55898.0,LeviWi00,83542.0,10857.0,4361418.0,32004c45-5660-4187-2b50-c23ff4a6e28e,1999-06-27,QB,QB,,,76.0,229.0,"https://static.www.nfl.com/image/upload/f_auto,q_auto/league/n7usvaleeuqvwomo68kf",Kentucky; Penn State,Southeastern Conference,2023.0,2025.0,TEN,RES,RES,R/Injured,3.0,QB,A,2.0,33.0,TEN,1.0,6687.0,TEN,Will Levis,QB,528.0,1031.0,0.5121241513094084,2024.0,195.4,179,0.7815950920245399,0.8048780487804879,QB,QB,2024,Will Levis,,,14.364551783008864,244.19738031115068,12,will levis,2023.0,3.0,2.0,4.0,3.0,2.0,2.0,3.0,1.0,0.0,0.0,0.0,0.0,0.0,0.0,0.0,0.0,0.0,0.0,0.0,0.0,0.0,0.0,0.0,0.0,0.0,0.0,0.0,0.0,283.0,353.0,55.0,47.0,185.0,233.0,33.0,28.0,10.0,13.0,0.0,2.0,0.654,0.66,0.6,0.596,19.0,24.0,1.0,2.0,2406.0,2826.0,421.0,223.0,8.5,8.0,7.7,4.7,0.0,15.0,0.0,0.0,0.0,1.0,0.0,0.0,0.0,0.0,0.0,0.0,0.0,15.0,0.0,0.0,0.0,15.0,0.0,0.0,73.0,107.0,82.0,50.0,24.0,33.0,14.0,49.0,2.0,9.0,3.0,3.0,-103.0,376.0,260.0,223.0,-1.4,3.5,3.2,4.5
